candidate_id,robot,sample_index,span2_mm,span3_mm,span4_mm,span5_mm,size_x_mm,size_y_mm,size_z_mm,worst_axis_ratio,arm_size_x_mm,arm_size_y_mm,arm_size_z_mm,volume_l,clearance_mm,collision_free,rule_pass,evaluations,elapsed_s
lite6_q00,lite6,0,200.2,243.67049903506987,0.0,62.49999999999998,360.0,360.0,533.5,0.8891666666666667,310.0674533512154,200.9794418817733,323.5,69.1416,0.4126911129985027,True,True,1985,1.3250465439996333
lite6_q01,lite6,1,166.73934371294453,288.6229343208516,0.0,68.86925559956578,360.0,360.0,533.5,0.8891666666666667,290.9010227214964,284.5474643642823,323.5,69.1416,30.25667800240175,True,True,1981,1.6069023330001073
lite6_q02,lite6,2,229.5857738498598,189.48369360505157,0.0,61.72894246992653,360.0,360.0,533.5,0.8891666666666667,213.75010467145805,155.09505983189726,323.5,69.1416,30.56291247935652,True,True,2156,2.5961970789994666
lite6_q03,lite6,3,202.78805885063483,271.39706464809893,0.0,71.13026196020652,360.0,360.0,533.5,0.8891666666666667,330.1005171375554,141.78820589019205,323.5,69.1416,50.0242625379875,True,True,1995,1.9254176619997452
lite6_q04,lite6,4,190.74888718090952,233.23551951473638,0.0,48.241282172966734,360.0,360.0,533.5,0.8891666666666667,283.8521539431168,221.27682719874957,323.5,69.1416,14.952318510134274,True,True,1979,1.1498346040007164
lite6_q05,lite6,5,178.81743763545526,248.04127519020707,0.0,55.097453761845806,360.0,360.0,533.5,0.8891666666666667,228.69380444946307,279.6092240682382,323.5,69.1416,29.54214907167386,True,True,2006,1.1919797829996241
lite6_q06,lite6,6,215.88127499893307,225.3470090287608,0.0,64.31199974031185,360.0,360.0,533.5,0.8891666666666667,143.09122543321502,251.64799657010684,323.5,69.1416,12.908208639229452,True,True,1997,1.3969518829999288
lite6_q07,lite6,7,239.94299354786054,295.59289659170213,0.0,52.94992178096434,360.0,360.0,533.5,0.8891666666666667,293.10771194595566,313.7945773095054,323.5,69.1416,33.60968334993744,True,True,1962,1.558034730000145
lite6_q08,lite6,8,152.0712291046977,211.92116723011497,0.0,77.67092710128051,360.0,360.0,533.5,0.8891666666666667,134.9924804611594,276.3322910007795,323.5,69.1416,22.100677577747433,True,True,2000,2.240602787998796
lite6_q09,lite6,9,159.67225199528036,260.6797783087506,0.0,50.78469761065206,360.0,360.0,533.5,0.8891666666666667,319.9810386459197,174.11983591139298,323.5,69.1416,3.567934379225611,True,True,1979,1.297962156999347
lite6_q10,lite6,10,247.53790681930258,237.9257603954205,0.0,75.8688735659234,360.0,360.0,533.5,0.8891666666666667,215.8026941478077,315.003235338585,323.5,69.1416,3.72498117240061,True,True,3525,2.0606282939988887
lite6_q11,lite6,11,220.79103452377018,277.71937178494153,0.0,56.957510067149975,360.0,360.0,533.5,0.8891666666666667,94.83568697499689,335.13906210478274,323.5,69.1416,27.398431622024127,True,True,1987,2.0200586990013107
lite6_q12,lite6,12,183.73330677943304,194.1073351719207,0.0,66.29716572933827,360.0,360.0,533.5,0.8891666666666667,290.4543429189621,96.15716217070153,323.5,69.1416,3.4915573855402067,True,True,2150,1.3117192879999493
lite6_q13,lite6,13,198.40355941876766,299.3051565771635,0.0,73.1743774085771,360.0,360.0,533.5,0.8891666666666667,316.52905669349076,303.8127460527243,323.5,69.1416,20.91576720719739,True,True,1970,1.3881361130006553
lite6_q14,lite6,14,210.4366214693524,200.2261323778405,0.0,50.164459331426755,360.0,360.0,533.5,0.8891666666666667,158.19190047034607,256.82817500426825,323.5,69.1416,25.621761421453588,True,True,1994,1.8710152209987427
lite6_q15,lite6,15,234.4453191965818,251.67229577716793,0.0,67.13032384868708,360.0,360.0,533.5,0.8891666666666667,343.41398298785896,109.79860868155514,323.5,69.1416,12.952689858582614,True,True,1979,1.1499960929995723
lite6_q16,lite6,16,171.60499867880716,213.45059313064587,0.0,59.62266682763582,360.0,360.0,533.5,0.8891666666666667,289.12971708087673,144.41327689948443,323.5,69.1416,39.09468449260646,True,True,1981,1.4371237579998706
piper_q00,piper,0,285.0312254403016,251.71383016433563,0.0,91.01102390507425,394.0934449661819,436.6581870759257,418.0,0.7277636451265428,259.09344496618183,301.6581870759257,403.94541042981285,71.93116601288953,7.450418104681944e-05,True,True,3103,3.0117259139988164
piper_q01,piper,1,237.39220513292824,298.15010253134886,0.0,100.28578348314802,381.476652960182,448.36321677158105,448.36307641823026,0.747272027952635,246.476652960182,313.363216771581,448.36307641823026,76.68806508813593,10.319160351336857,True,True,3168,3.0743408140006068
piper_q02,piper,2,326.8687036168107,195.73836988838127,0.0,89.88822814024701,444.6502515488537,444.69048646811297,444.69048641983767,0.7411508107801883,309.65025154885365,309.69048646811297,341.7480656027656,87.92942216016745,2.385523723003047e-07,True,True,4075,3.9453295830007846
piper_q03,piper,3,288.7159286656166,280.35562330464455,0.0,103.57820754615284,440.0814484657924,413.6692095867728,440.0830714009404,0.7334717856682341,305.0814484657924,278.6692095867728,440.0830714009404,80.11630676832327,17.217045487499554,True,True,3199,2.0973824389984657
piper_q04,piper,4,271.57536995278963,240.93440190711556,0.0,70.24781576088495,420.2658098830757,420.2658098820186,418.0,0.7004430164717929,285.26580988307575,285.26580988201863,372.44489957605833,73.82856069970549,0.8200623038325736,True,True,4615,3.2423918829990725
piper_q05,piper,5,254.5881787179247,256.22888147812716,0.0,80.23161090284918,433.01053681667656,394.4515427287235,418.0243994891061,0.7216842280277943,298.01053681667656,259.4515427287235,391.64814607541797,71.3992673164152,0.00032728899107895004,True,True,4131,4.185885777000294
piper_q06,piper,6,307.35716464815505,232.78549920211202,0.0,93.64961513197845,431.2672532042085,431.2580150887729,418.0,0.7187787553403475,296.2672532042085,296.2580150887729,413.5780093888542,77.74275810846707,8.120737783677598,True,True,4747,2.8477462629998627
piper_q07,piper,7,341.61461282098435,305.3501366193662,0.0,77.10442555166655,454.3336001673764,454.3187010797231,454.3306684310454,0.7572226669456273,319.3336001673764,319.3187010797231,436.8395420767436,93.77941600776698,27.676967283753054,True,True,3986,2.730759677999231
piper_q08,piper,8,216.50873519442982,218.91648315092732,0.0,113.10256965030275,422.7760714023639,360.0,418.0,0.7046267856706067,287.776071402364,164.4270149389712,317.040159729561,63.61934322462771,0.0007519548479266447,True,True,3751,2.3642542529996717
piper_q09,piper,9,227.33055771741968,269.28456954915066,0.0,73.95147725208037,360.0,432.88941823067034,432.8886214076124,0.721482363717784,159.06724225478953,297.88941823067034,354.03359998945285,67.46144525273456,6.598410534629368,True,True,3577,3.731464254999082
piper_q10,piper,10,352.42773688128375,245.77946317282272,0.0,110.478461852149,461.3342433150874,461.3342357218231,461.3309910370315,0.7688904055251458,326.3342433150874,326.3342357218231,406.7212442517357,98.18474291878553,24.416492519803636,True,True,4641,2.834057075999226
piper_q11,piper,11,314.3473483343764,286.8866237794329,0.0,82.94018096471832,429.8772407558205,441.91764671924363,441.9176711673937,0.7365294519456561,294.8772407558205,306.9176467192436,425.58960292836014,83.95124963072662,26.590741402773205,True,True,3451,3.9745334159997583
piper_q12,piper,12,261.58706086683657,200.51463346034598,0.0,96.54036696050363,406.1896484871118,430.06732671315257,418.0,0.7167788778552543,271.1896484871118,295.06732671315257,372.7957665034044,73.01995863810424,0.000350919044343756,True,True,3732,3.214319863998753
piper_q13,piper,13,282.47357478945577,309.1849347718163,0.0,106.55480018513501,360.0007219445158,457.21080691553357,444.96648404222805,0.7620180115258893,225.00072194451582,322.21080691553357,444.96648404222805,73.23980155386182,0.0012333483335180695,True,True,4516,2.6982883109994873
piper_q14,piper,14,299.6054350395924,206.83540633519135,0.0,73.0483009183617,425.80830286950635,425.808302870055,418.0,0.709680504783425,290.8083028695063,290.80830287005506,378.4954284642911,75.78871311140831,0.5703073429724759,True,True,4806,5.546834605998811
piper_q15,piper,15,333.787395750971,259.97975859689535,0.0,97.75359213677181,448.5612898560147,452.1741690223842,433.8977612267221,0.753623615037307,313.5612898560147,317.1741690223842,433.8977612267221,88.00654069900139,7.404304868535716e-05,True,True,3760,4.056852087000152
piper_q16,piper,16,244.31959572977897,220.49639394398466,0.0,86.82111929494789,361.7361630951589,429.3158195839031,418.0,0.7155263659731719,226.73616309515887,294.31581958390314,387.93932726039804,64.91500596491584,0.0007906943746138761,True,True,4077,2.4065683279986843
unitree_z1_q00,unitree_z1,0,350.0,225.32864886649458,70.0,49.2,462.6145154392488,462.61415589179677,462.612721398375,0.7710241923987481,332.6145154392488,332.61415589179677,401.55590705315035,99.00468463255467,44.00487563834935,True,True,4074,3.2794612889993005
unitree_z1_q01,unitree_z1,1,291.50234914850444,266.8973719836328,77.1335662715137,42.96430742684752,451.3453877411555,392.37012909770783,451.345446946942,0.7522424115782367,321.3453877411555,262.3701290977079,451.345446946942,79.93077280950034,0.0015767110817799246,True,True,6455,6.151214887999231
unitree_z1_q02,unitree_z1,2,421.75975332502276,224.81508492313714,58.948294008150704,56.03657036796212,507.1903326203069,507.19033255118484,507.186917731819,0.8453172210338449,377.19033262030683,377.1903325511849,307.186917731819,130.46979406592325,4.557045744195041,True,True,3062,4.707904770999448
unitree_z1_q03,unitree_z1,3,385.23635296151036,235.05331509197725,81.08390907291324,47.98984210900962,484.66622117355206,484.6662646682556,484.662532651033,0.8077771077804261,354.66622117355206,354.6662646682556,452.27882937152725,113.84789146652676,52.71419969460156,True,True,3761,2.988901266000539
unitree_z1_q04,unitree_z1,4,339.83152569271624,193.08083689566575,62.62856624554844,50.28956404980272,450.5934683634934,465.8824282457157,465.75905855992926,0.7764707137428595,320.5934683634934,335.8824282457157,265.75905855992926,97.77380861438948,2.318335502737856e-06,True,True,3144,2.464762804000202
unitree_z1_q05,unitree_z1,5,314.512048009783,246.78754802005915,56.15758684929461,53.887280674651265,427.22785267513484,449.7942518998807,449.79429112027987,0.7496571518671331,297.22785267513484,319.7942518998807,411.0014551707207,86.43455460191241,5.22404474542279,True,True,3739,4.070554916001129
unitree_z1_q06,unitree_z1,6,359.91837796755135,176.20830358963383,70.24341315496714,43.91244577299803,455.42732346619283,478.5989032986831,478.5988917498696,0.7976648388311386,325.42732346619283,348.5989032986831,355.11172978396877,104.31877303418771,30.56207438229391,True,True,4620,4.082947263999813
unitree_z1_q07,unitree_z1,7,408.7477481691166,278.440097500462,69.99987828545274,61.1833821522072,542.8517040055069,421.33444738688985,542.851729650111,0.904752882750185,412.8517040055069,291.33444738688985,494.4430561357097,124.16219992790106,63.50000000000003,True,True,4009,4.2740400200000295
unitree_z1_q08,unitree_z1,8,278.49184668157244,207.7523335467236,83.80468584597112,37.336231988668445,441.8623227315817,381.2323931229362,441.86252503861783,0.7364375417310297,311.8623227315816,251.23239312293617,398.4377849063354,74.43272801689868,5.5348223478946075,True,True,4700,3.688311308998891
unitree_z1_q09,unitree_z1,9,272.0807757461443,227.92553646263602,67.33058373443782,45.194211275316775,366.1298108322923,456.6830500933281,456.6828733148121,0.7611384168222135,236.12981083229235,326.6830500933281,456.6828733148121,76.35978712883687,0.00043337409275090444,True,True,7002,6.929532460999326
unitree_z1_q10,unitree_z1,10,402.35803953837603,185.40358437496695,86.33724495768548,53.661962845176454,500.3685108028082,500.3685073544248,491.4700156822048,0.8339475180046804,370.36851080280815,370.36850735442476,291.4700156822048,123.04868182430559,8.964847434010235,True,True,3719,3.143445604999215
unitree_z1_q11,unitree_z1,11,366.3354544434696,259.453879439128,53.76827200409026,39.411920487508176,470.4080619356595,476.5011394081433,476.501139408408,0.7941685656806801,340.4080619356595,346.5011394081433,276.501139408408,106.80771967669882,2.6958405222489086,True,True,3460,4.234163305000038
unitree_z1_q12,unitree_z1,12,320.9077621810138,217.04087665506245,72.49599256087096,58.62818971183151,449.2273835047833,437.55702063340885,449.22738332894914,0.7487123058413055,319.2273835047833,307.55702063340885,414.7764077053364,88.30130044278403,19.991481338147164,True,True,6517,5.715970662999098
unitree_z1_q13,unitree_z1,13,333.9164633769542,272.55782215255215,79.10261424724013,57.80521847046912,449.46972325270946,462.35281126617974,462.35290121413914,0.770588168690232,319.46972325270946,332.35281126617974,462.35290121413914,96.08321630598367,0.00017417522042012523,True,True,5370,4.599065051001162
unitree_z1_q14,unitree_z1,14,379.3426529504358,202.41910272958825,64.746563131921,40.13808555286378,482.58645313718773,482.60144361195086,470.893053882281,0.8043357393532514,352.58645313718773,352.60144361195086,321.56044994329847,109.66954140488258,0.00029357657842926654,True,True,3723,5.714109464001012
unitree_z1_q15,unitree_z1,15,427.6688101002946,240.83539308306536,75.42343920096755,51.31383749563248,510.8118144885752,510.8041228523477,510.8118144883156,0.8513530241476253,380.8118144885752,380.8041228523477,310.8118144883156,133.28346074709938,10.848377165690096,True,True,4067,3.461890039001446
unitree_z1_q16,unitree_z1,16,297.39004361908883,170.5872945762076,60.79512313939632,47.44694943577051,407.30666292712436,445.14420280496364,445.14436087498393,0.7419072681249732,277.30666292712436,315.14420280496364,346.0263729728045,80.70921299488265,7.9927650350219634,True,True,9374,7.43347332400117
ur10e_q00,ur10e,0,628.1225994979004,570.9999999999999,134.99999999999994,119.99999999999994,628.4923154154671,625.7628009483938,641.4656646424899,1.0691094410708166,628.4923154154671,520.7628009483936,582.0102500944338,252.2801784820315,11.72774034128815,True,False,2339,2.586704336999901
ur10e_q01,ur10e,1,523.1406094482948,676.3383181379174,148.75759209506208,104.79099372401829,653.0241391674346,672.6512027860667,710.6422086453364,1.1844036810755607,653.0241391674346,567.6512027860667,535.6422086453363,312.154900534581,34.507752916064256,True,False,2162,2.6386532169999555
ur10e_q02,ur10e,2,756.9052360631615,569.6985897570846,113.68599558714773,136.6745618730783,676.8042270707326,706.0192592655968,674.5354451473594,1.1766987654426615,571.8042270707325,706.0192592655968,674.5354451473594,322.31787145533815,3.20306036166057,True,False,2790,3.1112459780015342
ur10e_q03,ur10e,3,691.3590269807845,595.6430466906166,156.37611035490403,117.0483953878283,715.0709196687335,697.0765205876938,715.0681921483306,1.1917848661145558,610.0709196687335,697.0765205876938,679.7729032656094,356.43228228932986,115.99999999999999,True,False,3046,4.127608497999972
ur10e_q04,ur10e,4,609.8738894555613,489.2815823554991,120.78366347355764,122.6574732922017,640.4058028827644,588.0444562608895,573.2364157184552,1.0673430048046073,535.4058028827644,588.0444562608895,517.9077445315818,215.87342917324594,11.088774551385724,True,False,3543,3.250810358000308
ur10e_q05,ur10e,5,564.4346433408954,625.3784888354128,108.30391749506812,131.43239188939327,596.7429618765264,623.4038423299426,665.2095632025053,1.1086826053375087,596.7429618765264,518.4038423299427,588.141952087587,247.46584378169285,3.0062106840024057,True,False,2753,4.297186209998472
ur10e_q06,ur10e,6,645.9224776458464,446.52529474534083,135.469439656008,107.1035262756049,634.920924956723,637.4323085450882,623.4251392265705,1.0623871809084804,529.920924956723,637.4323085450882,577.6576333030696,252.3120680846419,10.533372924651799,True,False,3178,2.6702100919992517
ur10e_q07,ur10e,7,733.5534231968535,705.588465881068,134.99976526480165,149.22776134684673,734.9151134167075,750.1896858975715,729.5216616433275,1.2503161431626193,629.9151134167075,750.1896858975715,554.5216616433275,402.20406856213253,3.4764013840818815,True,False,3704,3.3802974480004195
ur10e_q08,ur10e,8,499.7914933617144,526.4602750334886,161.62332270294422,91.06398046016687,607.9559016795089,573.7088624726865,621.0897863411952,1.0351496439019923,502.95590167950877,573.7088624726865,618.3875585359791,216.62971328617547,26.476695418487655,True,False,1958,2.4754529020010523
ur10e_q09,ur10e,9,488.2859546716385,577.5807114401831,129.8518400592729,110.22978359833354,657.0445470170793,492.31770245660516,650.3369903401982,1.0950742450284654,633.5020224961871,387.31770245660516,531.7909936170191,210.36753800573325,1.850737871351635,True,False,2750,2.215289154999482
ur10e_q10,ur10e,10,722.0862220677822,469.8268383122048,166.50754384696478,130.8828362077474,623.3841231009757,706.2268045418745,653.8144850286441,1.1770446742364575,623.3841231009757,601.2268045418745,653.8144850286441,287.8422044546405,0.6309388479324718,True,False,3531,3.5256331439995847
ur10e_q11,ur10e,11,657.4387940950767,657.4759397218002,103.69595315074545,96.12663533538574,684.0510111792015,588.4522134377545,708.8245821428053,1.1813743035713422,579.0510111792015,588.4522134377545,693.6040924408073,285.32410294396055,7.9209668523740895,True,False,3725,4.232476494998991
ur10e_q12,ur10e,12,575.9126222291212,549.9981524473985,139.81369993882248,142.9955846630036,624.4995200767349,647.1699903503245,647.1714081048387,1.0786190135080647,624.4995200767349,542.1699903503245,638.1135062778746,261.55908024819513,71.1036231947865,True,False,2176,1.767506283998955
ur10e_q13,ur10e,13,599.2585056899369,690.6823310395702,152.55504176253447,140.98833773285145,692.5344646018981,725.7977499274587,742.0276682793547,1.236712780465591,631.6554725787742,725.7977499274587,567.0276682793547,372.9727546499356,115.99999999999999,True,False,2147,3.3034683629994106
ur10e_q14,ur10e,14,680.7819807761647,512.9454609523526,124.86837175441902,97.89776964113112,640.705500034107,670.6667415510216,545.8009679990879,1.117777902585036,535.705500034107,670.6667415510216,515.8230417450516,234.530604996006,9.515160935998454,True,False,2712,2.4554934309999226
ur10e_q15,ur10e,15,767.5098420696314,610.2952737798912,145.45948988758022,125.15570120885963,752.7427379367435,752.7294915676117,752.7427390749692,1.2545712317916156,647.7427379367435,752.7294915676117,697.2787629730528,426.5128117421024,110.26425469574022,True,False,4713,4.220758908999414
ur10e_q16,ur10e,16,533.7068778937602,432.2812287430278,117.24773748312141,115.72426691651339,525.5857776227676,625.515125341271,608.8916658201872,1.0425252089021184,525.5857776227676,520.5151253412708,513.2831979079094,200.18035267672258,1.4423425920643793,True,False,2650,2.364647665999655
ur5e_q00,ur5e,0,444.73137959896644,392.0000000000001,127.0,99.99999999999997,535.8340459377048,517.7846941495728,534.7775331158645,0.893056743229508,415.8340459377048,496.69565405137024,534.7775331158645,148.372244465416,0.005072517003996968,True,True,4263,7.034401434000756
ur5e_q01,ur5e,1,370.40069112329707,464.3163234852256,139.9423273783177,87.32582810334858,552.926736217158,525.171450825661,550.8184868068801,0.9215445603619301,432.92673621715807,472.0888762247532,550.8184868068801,159.94740823539695,20.071625057791607,True,True,3186,3.3710642469995946
ur5e_q02,ur5e,2,535.9137055873061,391.10656249523174,106.94904770050198,113.89546822756526,560.2707185742133,593.2428124010721,593.2454402637263,0.9887424004395439,546.0471355431221,473.2428124010721,593.2454402637263,197.1808886328755,45.90358927771335,True,True,2878,2.920263618001627
ur5e_q03,ur5e,3,489.50484206927683,408.9178183935584,147.1093778894283,97.54032948985694,545.6000215353962,561.7059393288952,561.7112459280232,0.9361854098800387,425.6000215353962,538.1719111199715,561.7112459280232,172.14583266954347,0.8704073064814827,True,True,3249,3.138673867999387
ur5e_q04,ur5e,4,431.81069500726653,335.89908981323254,113.62611304549502,102.21456107683477,528.0613909692077,514.9901827912853,473.00000000000006,0.8801023182820128,408.0613909692077,492.20022022242176,437.57725934330125,128.63066245909948,13.900183432009786,True,True,3154,3.8097229310005787
ur5e_q05,ur5e,5,399.6382200339633,429.331642072648,101.8859075694345,109.52699324116108,545.6705638252638,521.9825214684233,526.519705583431,0.909450939708773,494.8577458569513,401.9825214684233,516.179049951574,149.9688693145321,17.424569477219016,True,True,2581,3.702890047999972
ur5e_q06,ur5e,6,457.3342765043753,306.5462618917228,127.44162100972609,89.25293856300412,514.4783207149527,526.7969421935434,510.71966262651415,0.8779949036559056,394.4783207149527,501.4885014660104,320.71966262651415,138.41810615012247,26.974904434768952,True,True,3172,3.0683241599999747
ur5e_q07,ur5e,7,519.3798570034919,484.396985333413,126.99977917503566,124.35646778903899,537.0722375967437,596.6367097911466,596.6367821942758,0.9943946369904598,417.0722375967436,568.5165947480868,554.4117562383968,191.18450818900692,18.130504848858003,True,True,3242,3.8906466720000026
ur5e_q08,ur5e,8,353.86875194788445,361.4228157848121,152.0456443205476,75.88665038347241,435.08049290064514,544.0982005122166,497.90589209364424,0.9068303341870279,415.6668581565572,424.0982005122167,497.90589209364424,117.86752576953194,0.0025320371628625993,True,True,2446,2.6366213940000307
ur5e_q09,ur5e,9,345.72245359982793,396.51775636523973,122.15691620390864,91.85815299861132,522.9341520901112,469.8214729484176,522.934152090089,0.8715569201501854,402.9341520901111,433.5031443896645,522.934152090089,128.47743985815615,0.0031691759655935736,True,True,3223,4.086142676000236
ur5e_q10,ur5e,10,511.2607029046784,322.54311842098843,156.64043013751507,109.06903017312285,560.4357485705117,560.4357485664494,515.5291009410707,0.9340595809508528,440.4357485705117,540.611441634036,515.5291009410707,161.921621938018,0.0016978926298261143,True,True,3183,4.134883345999697
ur5e_q11,ur5e,11,465.48820585902445,451.3670199140908,97.55100777884945,80.10552944615482,563.2959852370109,531.002826419837,536.7626937689067,0.9388266420616848,443.2959852370109,511.8787575578121,536.7626937689067,160.55203418145058,28.105529446154605,True,True,2326,2.229365516999678
ur5e_q12,ur5e,12,407.7650051393694,377.5819190181793,131.52844364615157,119.16298721916971,484.74676002816267,559.1802330803034,534.6203376378636,0.931967055133839,364.7467600281627,504.41832907575946,534.6203376378636,144.91461976176012,0.972416494728394,True,True,2262,2.2391217189997406
ur5e_q13,ur5e,13,424.29465550983025,474.16370186954754,143.51474299142137,117.4902814440429,589.6236273625528,478.79141011311725,585.330012047878,0.9827060456042547,501.3662268083794,358.79141011311725,395.3300120478779,165.2426004902735,0.4187570402510929,True,True,2483,3.292334170999311
ur5e_q14,ur5e,14,482.0159468210836,352.14469473436486,117.46876453934237,81.58147470094261,574.7890473819848,544.2420315256813,473.00000000000006,0.9579817456366413,454.78904738198474,525.9546068572674,433.931403672698,147.96592173410244,13.099589784164491,True,True,3179,5.766321358998539
ur5e_q15,ur5e,15,543.4221140781498,418.97679040581005,136.83966826461256,104.2964176740497,529.7492037877764,580.4513785342098,583.7685971337202,0.9729476618895337,518.7935539505004,460.4513785342098,460.5735807912437,179.5051399664803,7.1288636287730816,True,True,3056,2.97444452200034
ur5e_q16,ur5e,16,377.88195536489764,296.7674985416234,110.29972341004759,96.43688909709451,486.53663157063806,514.8799152929298,473.00000000000006,0.8581331921548829,456.4195153781155,394.87991529292975,379.47658222450065,118.49025545444883,0.0009713646926118313,True,True,2534,2.521592814999167
widowx250_q00,widowx250,0,254.90206452675113,175.0,75.00000000000001,65.0,360.0,413.10204488583446,395.65000000000003,0.6885034081430574,212.63956464969584,268.1020448858345,350.74365799106886,58.83977666126895,0.00017313095947504853,True,True,16416,13.208147920000556
widowx250_q01,widowx250,1,212.2987160352903,207.2840729844756,82.64310671947896,56.7617882671766,454.4518125888679,360.0,430.00157460953227,0.7574196876481131,309.4518125888679,161.01676594053282,383.30243855686103,70.34939819905291,18.55807853172977,True,True,2609,2.1301343989998713
widowx250_q02,widowx250,2,307.1640910195474,174.60114397108552,63.15888643730433,74.03205434791745,416.0601066086853,437.01015078122344,435.4571571057244,0.7283502513020391,271.0601066086853,292.96127774050547,220.45715710572435,79.17590455980321,2.1153302654449218,True,True,4395,3.9044637819988566
widowx250_q03,widowx250,3,280.56440485898634,182.55259749712422,86.87561686383562,63.40121416840702,414.8346050265376,398.999434218073,395.65000000000003,0.6913910083775626,269.83460502653753,253.99943421807302,388.0164282495242,65.48750241862298,1.9687399483857697,True,True,4438,5.3552751729985175
widowx250_q04,widowx250,4,247.4964499724258,149.95495080947873,67.10203526308761,66.43946469994262,387.8922275783848,419.0256798904588,408.3234043911176,0.6983761331507647,242.89222757838485,274.0256798904588,299.2363186832826,66.36758130544138,0.00019837950503490132,True,True,2964,4.729412680000678
widowx250_q05,widowx250,5,229.05648673208677,191.66591163957492,60.16884305281565,71.19254560675472,431.4750298244487,360.0,455.20331646503445,0.7586721941083907,377.62367619181936,152.26852713827574,240.20331646503442,70.70719123725793,2.0815027041339587,True,True,3758,3.160962212999948
widowx250_q06,widowx250,6,262.125536014424,136.85100977309048,75.26079980889335,58.01441006595269,413.41479032471227,371.8994443674376,395.65000000000003,0.6890246505411872,268.41479032471227,226.89944436743758,360.3484398625323,60.83068534697107,0.421107653804563,True,True,5761,9.137013363999358
widowx250_q07,widowx250,7,297.68755679705254,216.24865416670215,74.99986959155649,80.83170406287536,405.6175696243772,432.5133564394284,432.51322006964364,0.720855594065714,260.61756962437727,287.51335643942843,432.51322006964364,75.87796388599672,0.003923915386668669,True,True,4337,3.711994791001416
widowx250_q08,widowx250,8,202.82327620857222,161.34947133250532,89.79073483496906,49.326322749257095,406.74775022216187,432.11873014308065,429.68394670472077,0.7201978835718011,261.7477502221619,287.11873014308065,319.73152939963967,75.5226775883682,9.479017129554457e-05,True,True,2635,2.2734372780014382
widowx250_q09,widowx250,9,198.1541470163777,177.01685552019626,72.13991114404052,59.70779944909737,360.0,428.8038342522693,445.02436984549354,0.7417072830758226,214.19021828968255,283.80383425226927,331.93776314576894,68.69813620516115,7.58164758508928e-05,True,True,3970,3.4520862370009127
widowx250_q10,widowx250,10,293.0339855921949,143.99246358079833,92.50419102609159,70.89486961252987,372.4571009903536,441.0268223759642,440.05324143807684,0.7350447039599404,227.4571009903536,296.02682237596423,440.05324143807684,72.28471718608333,2.219376987744326e-06,True,True,4714,8.044059255998945
widowx250_q11,widowx250,11,266.79903899138856,201.503133890219,57.60886286152528,52.06859414000065,411.09132867155097,413.6995090173235,395.65000000000003,0.6894991816955391,266.091328671551,268.6995090173235,368.2863295213335,67.28751531145768,0.00010967780166709629,True,True,3409,6.089538790998631
widowx250_q12,widowx250,12,233.71443172171456,168.56335670454425,77.67427774379031,77.45594169246033,376.25062970345334,414.00102185700695,395.65000000000003,0.6900017030950116,231.25062970345337,269.0010218570069,392.82640922889243,61.62966663713247,7.497538999368114e-06,True,True,4472,3.89058629900137
widowx250_q13,widowx250,13,243.18855969787688,211.68022404890507,84.75280097918586,76.3686829386279,433.48236921461654,435.4237994177407,419.0176917175074,0.7257063323629013,288.48236921461654,290.4237994177408,380.749905008329,79.08897762296236,5.541236670372221,True,True,3488,3.084967033000794
widowx250_q14,widowx250,14,276.2720725717742,157.2074530064128,69.37131764134394,53.02795855561271,410.95503579525194,396.8498499778149,395.65000000000003,0.6849250596587533,265.955035795252,251.8498499778149,368.41245125170525,64.5255473384714,0.0680477922831435,True,True,5049,6.453742936000708
widowx250_q15,widowx250,15,311.4676075093262,187.0432100025937,80.81082771532239,67.79267148813233,433.4457798889709,422.7265072371291,433.44587709213266,0.7224097951535545,288.4457798889709,277.7265072371291,374.2155758752762,79.41986354666032,5.50946086835084,True,True,3148,5.613852245000089
widowx250_q16,widowx250,16,216.5866745377323,132.48549042036757,65.13763193506749,62.68397791311145,360.0,413.94696626960626,395.65000000000003,0.6899116104493438,209.31533112496956,268.94696626960626,387.4185094133093,58.960122193645105,0.00025318891891737416,True,True,3911,6.734998908999842
xarm6_q00,xarm6,0,345.8205153893959,346.84777684533543,0.0,57.331525415341865,360.0,533.0904296731388,572.0,0.9533333333333333,215.65039274757265,408.0904296731388,559.2129398282623,109.77398127829272,37.46549428027943,True,True,3617,3.225259601000289
xarm6_q01,xarm6,1,288.0214074850155,410.83439937206646,0.0,63.17407164387491,363.85309576814063,396.1074352844236,572.0,0.9533333333333333,360.45855495667354,395.1643024310246,376.99999999999994,82.43945228662912,39.19283516243553,True,True,1944,1.4470870229997672
xarm6_q02,xarm6,2,396.5807724217373,269.71667943231773,0.0,56.62423094522832,384.83318161909494,530.4122885659406,572.0,0.9533333333333333,259.833181619095,405.41228856594057,563.449418375439,116.75678218701435,45.63252200184828,True,True,3089,2.7276597609998134
xarm6_q03,xarm6,3,350.2910640686398,386.31458829981256,0.0,65.24810274194411,445.3428284902501,409.5530764079168,572.0,0.9533333333333333,420.2730282742879,368.5583148235722,376.99999999999994,104.32795256562832,4.5409678064280214,True,True,2970,3.955591183999786
xarm6_q04,xarm6,4,329.4948974768025,331.9943191539578,0.0,44.251940719489944,516.1272774638174,360.0003536116979,572.0,0.9533333333333333,391.12727746381745,235.0003536116979,533.7705225848081,106.28103337029303,64.19043160114681,True,True,3323,3.763636260999192
xarm6_q05,xarm6,5,308.8848074111104,353.069268566743,0.0,50.541137130686195,360.0,439.3876786613335,572.0,0.9533333333333333,281.49284211751836,410.66126289391394,376.99999999999994,90.47871078994179,13.23557660550114,True,True,3239,2.1309522360006667
xarm6_q06,xarm6,6,372.9079609543004,320.7655806094204,0.0,58.993680761970396,360.0,526.9446522339318,572.0,0.9533333333333333,234.99978926278112,401.94465223393183,570.9283486343827,108.50844278801122,6.29418642123248,True,True,3983,3.027761293000367
xarm6_q07,xarm6,7,414.47157688709103,420.7556492891212,0.0,48.57119658121155,572.0023480194635,441.7004413630371,572.0,0.9533372466991058,447.00234801946345,316.7004413630371,531.7924669849987,144.51791044026942,2.048720335805804,True,True,4564,4.65076120500089
xarm6_q08,xarm6,8,262.68407005437297,301.65484131772115,0.0,71.2478836982437,360.0,398.9280261343533,572.0,0.9533333333333333,259.3200711674091,389.8445940023322,376.99999999999994,82.14725914158602,2.8048586935946958,True,True,3642,3.315837566000482
xarm6_q09,xarm6,9,275.8138885034633,371.05928675392107,0.0,46.585026908408814,400.07187328859516,360.0,572.0,0.9533333333333333,397.7463525872107,292.5115049447398,376.99999999999994,82.3828001475875,4.613025959769694,True,True,1979,2.3273052089989505
xarm6_q10,xarm6,10,427.5908417315858,338.6705463902318,0.0,69.59485204924957,448.791752878561,571.998475499748,572.0,0.9533333333333333,323.791752878561,446.9984754997481,551.9317866069142,146.8370895210628,43.01713968372087,True,True,3698,2.641815660001157
xarm6_q11,xarm6,11,381.3889578040365,395.31394679265844,0.0,52.247374976150404,571.9998514540295,369.6587490721858,572.0,0.9533333333333333,446.9998514540295,244.65874907218583,549.6554866370675,120.94639674716034,8.866428962400974,True,True,3684,3.813424522999412
xarm6_q12,xarm6,12,317.3763578654422,276.2981072405624,0.0,60.81468227162705,360.00023762122555,458.3690612020321,572.0,0.9533333333333333,235.0002376212256,333.3690612020321,568.5424899592695,94.3874193839432,0.2197119069166989,True,True,2809,1.917201397000099
xarm6_q13,xarm6,13,342.7173884779664,426.03978966773906,0.0,67.12317885042651,420.3122675344212,404.7858925785467,572.0,0.9533333333333333,415.29605180051857,391.122134220884,376.99999999999994,97.31806448686241,16.544120603969017,True,True,1980,1.3465208950001397
xarm6_q14,xarm6,14,363.50300146520806,285.00778369399006,0.0,46.016079601705236,520.5541623103726,360.0,572.0,0.9533333333333333,395.55416231037253,227.67161614246552,567.9053355361698,107.1925131029519,31.878108262477,True,True,4068,5.669791815000281
xarm6_q15,xarm6,15,404.97503054542136,358.23777038889324,0.0,61.57894188593817,387.73775839317614,571.7156017997565,572.0,0.9533333333333333,262.7377583931762,446.71560179975654,571.999998932913,126.79851520349916,0.1339221129513339,True,True,4295,3.0125262639994617
xarm6_q16,xarm6,16,296.4262192132952,303.8318712641016,0.0,54.69213501694503,360.0,457.07551991589236,572.0,0.9533333333333333,233.0561285635645,332.07551991589236,568.389667172152,94.12099106108055,9.093463627635114,True,True,4642,3.0872120309995807
willow0907_q00,willow0907,0,284.99999999999994,254.86724465886152,110.39418014098385,91.91999708442115,439.1794623339575,439.17985443903854,448.15,0.7469166666666667,304.1794623339575,304.1798544390385,431.69557542689904,86.43862182436938,0.013191036659485414,True,True,3858,3.5119165199994313
willow0907_q01,willow0907,1,288.0214074850155,410.83439937206646,110.39418014098385,91.91999708442115,360.0,514.9142987995275,514.9157859008055,0.8581929765013426,286.0857226822685,514.9142987995275,309.91578590080553,95.44950030165153,8.083855630952517,True,True,3912,3.414413346999936
willow0907_q02,willow0907,2,259.88732513040304,431.17138350382453,122.22897075116634,74.79099372401834,489.601728167794,379.5420697013897,494.3567145108153,0.8239278575180256,489.601728167794,379.5420697013897,289.35671451081527,91.86356617859614,32.3961866753076,True,True,4103,6.2124620039994625
willow0907_q03,willow0907,3,349.2066879943013,348.99716198444366,91.05421829968691,106.67456187307833,481.7781629105694,441.949008847239,489.56878631288424,0.8159479771881405,346.7781629105694,306.949008847239,468.6138691714176,104.23966236144119,1.6746300526837565e-08,True,True,4958,5.520418119000169
willow0907_q04,willow0907,4,324.1620706021786,368.9893879927695,129.00098698213696,87.04839538782835,501.98140152149153,502.62606118314113,502.62885099250497,0.837714751654175,366.9814015214915,367.62606118314113,502.62885099250497,126.81774991020036,30.046135960195688,True,True,5310,4.701887483999599
willow0907_q05,willow0907,5,293.02733190357685,287.0295906066894,97.36325642094016,92.65747329220176,449.91810461703795,449.9179409681477,449.91810461906294,0.7498635076984382,314.91810461703795,314.9179409681477,449.91810461906294,91.0752244821243,4.393049938935692,True,True,3668,3.345256698999947
willow0907_q06,willow0907,6,275.6654043495655,391.9028635509312,86.27014888450505,101.43239188939332,360.0,510.1993547164425,504.2061903560947,0.8503322578607375,223.6896341781082,375.1993547164425,504.2061903560947,92.6084422669375,1.4209323960512332e-06,True,True,3878,4.254146977998971
willow0907_q07,willow0907,7,306.8011734634638,254.08253885805604,110.41727969422938,77.10352627560496,480.036536029626,478.56098258042744,456.6509430995954,0.80006089338271,345.03653602962595,343.56098258042744,414.52305413468014,104.90493994556314,13.857692767133186,True,True,2457,4.587369218001186
willow0907_q08,willow0907,8,340.2841701731086,453.7109019048512,109.9997913464904,119.22776134684682,360.0,537.3244263445545,558.4636399016733,0.9307727331694556,183.5971983434686,402.3244263445544,558.4636399016733,108.02741578000504,0.004523696707038616,True,True,4134,3.702828348999901
willow0907_q09,willow0907,9,250.96583772450686,315.6786707788706,133.6651757359505,61.063980460166924,365.57189681732837,483.42179655613563,483.4223828802777,0.8057039714671296,230.57189681732837,348.42179655613563,483.4223828802777,85.43302516496571,0.0003859333040368007,True,True,5150,8.7406543649995
willow0907_q10,willow0907,10,246.5696747973561,355.07095102220774,105.42385783046484,80.22978359833358,397.13598783821027,372.6178968193532,490.8763223888333,0.8181272039813888,396.905940052756,366.34252975276104,285.8763223888333,72.6398666709202,18.234441160239488,True,True,4679,7.267816245999711
willow0907_q11,willow0907,11,335.90265568345785,272.03819414600724,138.00670564174652,100.88283620774746,466.33432736945946,467.83026639681265,467.83026663108086,0.7797171110518014,331.33432736945946,332.83026639681265,467.83026663108086,102.06433636482345,27.26672603087093,True,True,5415,4.832313247999991
willow0907_q12,willow0907,12,311.20145447552204,416.6364509239793,82.17418057844043,66.12663533538579,382.4580661643751,501.6152619949308,498.94235038456515,0.836025436658218,247.4580661643751,366.61526199493085,497.0384677765975,95.7204948330788,0.0003015260310046397,True,True,4062,6.3353112999993755
willow0907_q13,willow0907,13,280.05103692412376,333.81643971428275,114.27884439006449,112.99558466300367,387.9795983760678,426.11931106841655,500.8874098676872,0.8348123497794787,342.90857937844964,405.2856358047,295.8874098676872,82.809511152389,1.7004423077948694e-06,True,True,4988,4.6950812920003955
willow0907_q14,willow0907,14,288.9712891727686,442.22456332296133,125.60448156669737,110.9883377328515,566.2088529740138,516.594732775099,557.7470923763719,0.9436814216233563,431.2088529740138,381.59473277509903,557.7470923763719,163.1413095829578,26.8592883027008,True,True,3337,5.630436401999759
willow0907_q15,willow0907,15,320.1206763088703,305.26445327326655,100.99410822615027,67.89776964113116,452.38360816609674,442.1807908897541,452.38395241334047,0.7539732540222341,317.38360816609674,307.18079088975406,452.38395241334047,90.49277847546703,3.8161070805908732,True,True,3551,3.599606534000486
willow0907_q16,willow0907,16,353.25861264020205,380.28007086366415,119.29732434451581,95.15570120885968,509.8626229923002,433.88604713573443,483.6455182263662,0.8497710383205004,374.8626229923002,298.88604713573443,483.6455182263662,106.99316332153658,6.689371279122724e-10,True,True,4790,7.92808432000129
willow0907_q17,willow0907,17,263.92460133880377,243.10637591406703,94.22021109610797,85.72426691651344,442.74326526824365,486.8597659440319,486.86286059412186,0.8114381009902032,307.74326526824365,351.8597659440319,386.3694080247463,104.94517984699242,1.157402720117124,True,True,3228,4.248542519999319
willow0907_q18,willow0907,18,266.79482124745846,386.07248334214097,139.814102742821,117.69194930791855,512.8893054379745,360.0,512.8893701556837,0.8548156169261395,512.8893054379745,307.59916458306,307.8893701556837,94.69997021724078,27.257842853529777,True,True,3444,3.997140893001415
willow0907_q19,willow0907,19,358.0037176609039,248.0326982960105,103.48473621532321,63.30354692414403,404.86813548798347,508.7364731873674,514.5413431272942,0.8575689052121571,269.86813548798347,373.73647318736744,435.65521945245325,105.98069138670317,5.521778654391824,True,True,2927,5.071554996000486
willow0907_q20,willow0907,20,315.37923071533436,433.86073438450694,116.10437244176865,103.67181418463588,530.6065477544362,369.6831829184513,530.6065320232514,0.8843442462573936,530.6065477544362,329.7261352356588,325.60653202325136,104.08182333724974,11.10724786375759,True,True,5142,4.794709765999869
willow0907_q21,willow0907,21,286.1047286912799,296.03453423827887,80.246223770082,75.56751508265732,438.0485801132131,462.0475903462129,448.15,0.7700793172436882,303.0485801132131,327.04759034621287,438.5107077374243,90.70524221499315,1.5005532035677893e-05,True,True,4091,7.0585407899998245
willow0907_q22,willow0907,22,284.6827334538102,411.28384878858924,99.18311584740877,88.58867039903997,421.54390546599245,456.32645014206554,521.1341477995679,0.8685569129992798,421.54390546599245,456.32645014206554,316.13414779956787,100.24621618324315,4.764738231505836,True,True,4098,7.0175880570004665
willow0907_q23,willow0907,23,313.9580361172557,329.3165007606149,127.54742823541166,90.41458826512098,360.0,491.5370530233941,500.9394269973033,0.8348990449955056,216.29818698663712,356.53705302339404,500.5164919955979,88.64290428821357,0.0012150034679747623,True,True,3694,3.402593598999374
willow0907_q24,willow0907,24,333.1424128264189,363.00839653238654,92.39851078018546,72.54802353680134,481.6624281715335,455.89302481751986,470.31758420197485,0.8027707136192226,346.6624281715335,320.89302481751986,470.31758420197485,103.27541163692331,0.0009535259005363783,True,True,4687,4.518208551999123
willow0907_q25,willow0907,25,241.93431705236435,280.82830283790827,121.22168140485884,108.21480760350822,455.5968253430739,455.5959852552326,455.5972815508249,0.7593288025847083,320.5968253430739,320.59598525523256,455.5972815508249,94.56745504463157,0.0005050310912212141,True,True,3532,5.8022895569993125
willow0907_q26,willow0907,26,253.72421979904175,448.32808203995233,89.22862520441413,97.36551269888876,494.7866460403266,403.8495551695268,521.1806116179977,0.8686343526966628,494.7866460403266,403.8495551695268,316.18061161799767,104.14197985781976,0.00012826751593156271,True,True,3582,4.602405768000608
willow0907_q27,willow0907,27,344.9176671355962,311.14851163700223,124.15722059085967,84.21729432418942,486.3937744718168,425.449535181211,486.34744131878773,0.8106562907863614,351.3937744718168,290.449535181211,486.34744131878773,100.64279667691125,1.8895926490181125e-09,True,True,5673,6.527912831999856
willow0907_q28,willow0907,28,302.17133592814207,399.87051613628864,95.55615324527025,109.4811655394733,460.2082788767841,388.29268793049823,503.23049777087493,0.8387174962847915,460.2082788767841,350.38261552186106,298.2304977708749,89.92503025193734,19.202842067886664,True,True,4617,4.27689712099891
willow0907_q29,willow0907,29,272.91068170219654,262.90285216644406,130.94004444777968,70.10743740946054,459.5866216412478,479.5956604521316,468.6588561068102,0.7993261007535527,324.5866216412478,344.5956604521316,435.1787625384093,103.2997929540776,22.0358532831094,True,True,3965,5.481064024001171
willow0907_q30,willow0907,30,297.7669171616435,374.80530351400375,112.23937273025513,63.91258930787444,360.0,463.5051724945817,516.3764605988854,0.8606274343314757,295.88650029407603,463.5051724945817,311.3764605988854,86.16353775913007,28.169547727463726,True,True,3912,6.689779564001583
willow0907_q31,willow0907,31,327.02677074819803,291.97942012920976,84.34562709182501,114.50610514730212,486.68805882408276,486.68721932740584,448.15,0.8111467647068047,351.68805882408276,351.68721932740584,429.826033689648,106.15098612567205,12.617423810415206,True,True,3093,2.7616434749998007
willow0907_q32,willow0907,32,346.33832663297653,422.78406053781515,135.47600427642465,81.74027435481548,401.5343222818032,528.7233424637611,528.7234913459955,0.8812058189099925,266.53432228180316,393.7233424637612,528.7234913459955,112.24829805153394,0.0005843930260540642,True,True,3933,5.657603387999188
willow0907_q33,willow0907,33,255.14407865703103,339.7437530197203,108.05723829194905,98.6687054671347,482.1147986351528,482.1093616013631,482.11288597188775,0.8035246643919213,347.11479863515274,347.10936160136305,482.11288597188775,112.05849017282878,14.026565635244845,True,True,4023,3.5437266980006825
