robot,candidate_id,J2_J3_mm,J3_J4_mm,J4_J5_mm,J5_J6_mm,size_x_mm,size_y_mm,size_z_mm,worst_axis_ratio,rule_pass,arm_size_x_mm,arm_size_y_mm,arm_size_z_mm,clearance_mm,task_best_candidate,task_robust_fraction
orth6r_03694c5d7af4,orth6r_03694c5d7af4_q00,60.0,296.14,390.0,0.0,404.24,498.72,483.63,0.8312,True,279.24,498.72,288.63,1.293,orth6r_03694c5d7af4_q00_rear_left,-1.0
orth6r_03a12a816c95,orth6r_03a12a816c95_q00,290.0,390.0,0.0,60.0,448.06,435.01,455.0,0.75833,True,448.06,310.01,260.0,0.0,orth6r_03a12a816c95_q00_mid_left,0.28593
orth6r_03e704fdcfb4,orth6r_03e704fdcfb4_q00,60.0,296.14,390.0,0.0,360.0,474.7,533.69,0.88949,True,353.18,396.13,338.69,0.0,orth6r_03e704fdcfb4_q00_rear_left,-1.0
orth6r_07fa5db950bd,orth6r_07fa5db950bd_q00,60.0,296.14,390.0,0.0,489.07,360.0,499.87,0.83311,True,488.03,260.74,304.87,0.0,orth6r_07fa5db950bd_q00_rear_right,0.19704
orth6r_0c91a636710b,orth6r_0c91a636710b_q00,60.0,296.14,390.0,0.0,504.57,361.44,542.38,0.90397,True,403.48,330.63,347.38,1.902,orth6r_0c91a636710b_q00_rear_left,-1.0
orth6r_0d4619e319d2,orth6r_0d4619e319d2_q00,290.0,390.0,0.0,60.0,449.46,459.17,455.0,0.76528,True,324.46,459.17,260.0,3.512,orth6r_0d4619e319d2_q00_rear_right,-1.0
orth6r_0e5f117bdb63,orth6r_0e5f117bdb63_q00,290.0,390.0,0.0,60.0,455.0,408.47,455.0,0.75833,False,395.28,367.17,260.0,-47.0,orth6r_0e5f117bdb63_q00_rear_left,-1.0
orth6r_0ee68da88723,orth6r_0ee68da88723_q00,290.0,390.0,0.0,60.0,408.48,455.0,455.0,0.75833,False,368.34,395.27,260.0,-47.0,orth6r_0ee68da88723_q00_rear_left,-1.0
orth6r_0f17787e2732,orth6r_0f17787e2732_q00,290.0,390.0,0.0,60.0,429.48,455.0,455.0,0.75833,True,313.26,455.0,260.0,15.805,orth6r_0f17787e2732_q00_rear_right,-1.0
orth6r_0f66a629e196,orth6r_0f66a629e196_q00,290.0,390.0,0.0,0.0,455.0,407.37,455.0,0.75833,True,368.99,407.37,260.0,1.759,orth6r_0f66a629e196_q00_mid_left,0.3758
orth6r_11921658c4d0,orth6r_11921658c4d0_q00,290.0,390.0,0.0,60.0,455.0,409.7,455.0,0.75833,True,455.0,284.7,260.0,0.002,orth6r_11921658c4d0_q00_rear_left,-1.0
orth6r_11a1e91c1411,orth6r_11a1e91c1411_q00,290.0,390.0,0.0,60.0,453.95,453.93,455.0,0.75833,True,328.95,453.93,260.0,4.796,orth6r_11a1e91c1411_q00_rear_center,0.05333
orth6r_11c4507ab405,orth6r_11c4507ab405_q00,290.0,390.0,0.0,60.0,455.0,449.57,455.0,0.75833,True,373.49,449.57,260.0,8.491,orth6r_11c4507ab405_q00_rear_right,-1.0
orth6r_148133fca859,orth6r_148133fca859_q00,60.0,296.14,390.0,0.0,360.0,489.8,501.69,0.83616,True,341.19,440.16,306.69,0.001,orth6r_148133fca859_q00_rear_center,0.52778
orth6r_14c5bd167a86,orth6r_14c5bd167a86_q00,60.0,296.14,390.0,0.0,371.95,360.0,648.33,1.08055,False,271.38,358.72,453.33,2.524,orth6r_14c5bd167a86_q00_mid_left,-1.0
orth6r_1662155c14b4,orth6r_1662155c14b4_q00,60.0,296.14,390.0,0.0,487.54,360.0,507.91,0.84651,True,465.83,344.37,312.91,0.0,orth6r_1662155c14b4_q00_rear_left,-1.0
orth6r_1a8b1ee0531c,orth6r_1a8b1ee0531c_q00,0.0,290.0,390.0,0.0,387.39,455.0,455.0,0.75833,True,333.42,414.84,260.0,4.713,orth6r_1a8b1ee0531c_q00_rear_right,0.50074
orth6r_1b685f312f5c,orth6r_1b685f312f5c_q00,290.0,390.0,0.0,60.0,455.0,415.19,455.0,0.75833,True,389.64,415.19,260.0,1.468,orth6r_1b685f312f5c_q00_mid_left,0.06667
orth6r_1cbc42f09afb,orth6r_1cbc42f09afb_q00,290.0,390.0,0.0,0.0,452.41,448.03,456.4,0.76066,True,327.41,448.03,261.4,14.472,orth6r_1cbc42f09afb_q00_rear_right,0.2158
orth6r_1e06a293b7f2,orth6r_1e06a293b7f2_q00,0.0,290.0,390.0,0.0,360.0,444.63,455.0,0.75833,True,358.15,373.07,260.0,0.001,orth6r_1e06a293b7f2_q00_rear_right,0.47222
orth6r_1fab2f0cdd9a,orth6r_1fab2f0cdd9a_q00,290.0,390.0,0.0,60.0,408.47,455.0,455.0,0.75833,False,386.38,441.77,260.0,-47.0,orth6r_1fab2f0cdd9a_q00_rear_left,-1.0
orth6r_20484ebc927b,orth6r_20484ebc927b_q00,290.0,390.0,0.0,60.0,455.0,409.79,455.0,0.75833,True,455.0,334.14,260.0,0.0,orth6r_20484ebc927b_q00_rear_right,0.09136
orth6r_218c75d824a1,orth6r_218c75d824a1_q00,290.0,390.0,0.0,60.0,425.48,453.81,455.0,0.75833,True,300.48,453.81,260.0,0.003,orth6r_218c75d824a1_q00_mid_left,0.39259
orth6r_2294bde74b3b,orth6r_2294bde74b3b_q00,290.0,390.0,0.0,60.0,408.47,455.0,455.0,0.75833,True,407.36,330.0,260.0,2.214,orth6r_2294bde74b3b_q00_mid_left,-1.0
orth6r_2304cc33139d,orth6r_2304cc33139d_q00,60.0,296.14,390.0,0.0,493.04,360.0,582.19,0.97032,True,368.04,187.83,387.19,0.166,orth6r_2304cc33139d_q00_rear_left,-1.0
orth6r_233206963769,orth6r_233206963769_q00,60.0,296.14,390.0,0.0,468.06,443.35,494.15,0.82358,True,468.06,357.99,299.15,0.0,orth6r_233206963769_q00_rear_right,-1.0
orth6r_2474f52a561a,orth6r_2474f52a561a_q00,60.0,296.14,390.0,0.0,513.15,519.02,487.17,0.86503,True,388.15,442.35,305.7,2.146,orth6r_2474f52a561a_q00_rear_left,-1.0
orth6r_24bc120093b4,orth6r_24bc120093b4_q00,60.0,296.14,390.0,0.0,371.97,360.0,648.33,1.08055,False,335.25,359.77,453.33,4.569,orth6r_24bc120093b4_q00_rear_left,0.0
orth6r_265440142d12,orth6r_265440142d12_q00,60.0,296.14,390.0,0.0,360.0,527.76,537.11,0.89519,True,237.41,501.53,342.11,3.662,orth6r_265440142d12_q00_rear_left,-1.0
orth6r_27d47e03a0b7,orth6r_27d47e03a0b7_q00,290.0,390.0,0.0,60.0,482.68,360.0,490.6,0.81767,True,464.19,344.72,295.6,0.002,orth6r_27d47e03a0b7_q00_rear_right,0.46173
orth6r_28db2e01d146,orth6r_28db2e01d146_q00,290.0,390.0,0.0,60.0,360.0,482.81,490.6,0.81767,True,308.31,453.06,295.6,0.0,orth6r_28db2e01d146_q00_mid_left,0.41679
orth6r_2ad6a15c831a,orth6r_2ad6a15c831a_q00,290.0,390.0,0.0,60.0,408.47,455.0,455.0,0.75833,True,406.68,389.88,260.0,0.549,orth6r_2ad6a15c831a_q00_rear_left,-1.0
orth6r_2baf9f3a585c,orth6r_2baf9f3a585c_q00,290.0,390.0,0.0,60.0,408.48,455.0,455.0,0.75833,False,401.3,417.81,260.0,-47.0,orth6r_2baf9f3a585c_q00_rear_left,-1.0
orth6r_2f026ee4cad6,orth6r_2f026ee4cad6_q00,290.0,390.0,0.0,0.0,464.27,469.71,455.0,0.78285,True,464.27,344.71,260.0,17.955,orth6r_2f026ee4cad6_q00_rear_right,0.09136
orth6r_2ffd1d63edaa,orth6r_2ffd1d63edaa_q00,290.0,390.0,0.0,0.0,482.66,360.0,490.73,0.81788,True,479.17,349.86,295.73,0.073,orth6r_2ffd1d63edaa_q00_rear_right,0.44938
orth6r_306c81645fb0,orth6r_306c81645fb0_q00,290.0,390.0,0.0,60.0,466.27,455.32,455.0,0.77712,True,466.27,330.32,260.0,11.272,orth6r_306c81645fb0_q00_rear_right,0.25481
orth6r_312a857bf0c8,orth6r_312a857bf0c8_q00,290.0,390.0,0.0,60.0,408.47,455.0,455.0,0.75833,False,391.65,427.46,260.0,-47.0,orth6r_312a857bf0c8_q00_rear_left,-1.0
orth6r_34a88450afa3,orth6r_34a88450afa3_q00,290.0,390.0,0.0,0.0,455.0,408.47,455.0,0.75833,True,397.13,408.07,260.0,2.689,orth6r_34a88450afa3_q00_rear_right,0.06568
orth6r_34c59bd33051,orth6r_34c59bd33051_q00,60.0,296.14,390.0,0.0,486.36,481.29,486.35,0.8106,True,415.92,386.47,291.35,0.0,orth6r_34c59bd33051_q00_mid_left,0.46222
orth6r_35e3ec1a11e3,orth6r_35e3ec1a11e3_q00,290.0,390.0,0.0,60.0,476.95,394.05,473.99,0.79492,True,373.53,394.05,278.99,7.599,orth6r_35e3ec1a11e3_q00_mid_left,-1.0
orth6r_36fbc94cdbc4,orth6r_36fbc94cdbc4_q00,290.0,390.0,0.0,60.0,360.0,482.68,490.6,0.81767,True,269.43,478.63,295.6,0.002,orth6r_36fbc94cdbc4_q00_rear_right,0.4242
orth6r_38af49b5060e,orth6r_38af49b5060e_q00,290.0,390.0,0.0,60.0,455.0,408.47,455.0,0.75833,True,453.69,299.47,260.0,7.085,orth6r_38af49b5060e_q00_rear_right,0.05235
orth6r_39bf1ac80cbc,orth6r_39bf1ac80cbc_q00,290.0,390.0,0.0,60.0,482.67,360.01,490.6,0.81767,True,477.18,350.88,295.6,0.002,orth6r_39bf1ac80cbc_q00_rear_center,0.45827
orth6r_3a3b8f07822a,orth6r_3a3b8f07822a_q00,60.0,296.14,390.0,0.0,383.44,509.4,585.66,0.9761,True,343.07,411.58,390.66,1.528,orth6r_3a3b8f07822a_q00_rear_left,-1.0
orth6r_3b4dc471ccbe,orth6r_3b4dc471ccbe_q00,60.0,296.14,390.0,0.0,461.46,501.67,501.67,0.83612,True,461.46,382.91,306.67,0.0,orth6r_3b4dc471ccbe_q00_rear_left,-1.0
orth6r_3b59ebc9ba70,orth6r_3b59ebc9ba70_q00,60.0,296.14,390.0,0.0,360.0,522.36,524.54,0.87424,True,248.41,508.46,329.54,0.001,orth6r_3b59ebc9ba70_q00_rear_center,-1.0
orth6r_3fe969442104,orth6r_3fe969442104_q00,290.0,390.0,0.0,60.0,420.48,455.17,455.17,0.75862,True,295.48,455.17,260.17,17.335,orth6r_3fe969442104_q00_mid_left,-1.0
orth6r_441a8c500291,orth6r_441a8c500291_q00,290.0,390.0,0.0,60.0,435.89,449.11,455.0,0.75833,True,435.89,324.11,260.0,0.001,orth6r_441a8c500291_q00_rear_left,0.11457
orth6r_45aa0032ccc7,orth6r_45aa0032ccc7_q00,290.0,390.0,0.0,60.0,408.47,455.0,455.0,0.75833,False,332.71,425.48,260.0,-47.0,orth6r_45aa0032ccc7_q00_rear_left,-1.0
orth6r_4710700edaa4,orth6r_4710700edaa4_q00,60.0,296.14,390.0,0.0,477.27,360.0,481.92,0.8032,True,419.49,355.91,286.92,0.0,orth6r_4710700edaa4_q00_rear_left,-1.0
orth6r_4ab675a33402,orth6r_4ab675a33402_q00,290.0,390.0,0.0,60.0,360.0,482.68,490.6,0.81767,True,283.44,474.37,295.6,0.0,orth6r_4ab675a33402_q00_rear_right,0.62074
orth6r_4c171ab19c7e,orth6r_4c171ab19c7e_q00,290.0,390.0,0.0,60.0,389.39,468.94,468.94,0.78157,True,294.98,461.08,273.94,0.001,orth6r_4c171ab19c7e_q00_rear_right,0.07901
orth6r_4dfef6f66399,orth6r_4dfef6f66399_q00,0.0,290.0,390.0,0.0,455.0,362.18,455.0,0.75833,True,396.54,332.13,260.0,20.962,orth6r_4dfef6f66399_q00_rear_center,0.14568
orth6r_567a38dbb60d,orth6r_567a38dbb60d_q00,290.0,390.0,0.0,60.0,442.93,441.67,455.0,0.75833,True,442.93,316.67,260.0,0.0,orth6r_567a38dbb60d_q00_rear_right,-1.0
orth6r_5742a76a3ff8,orth6r_5742a76a3ff8_q00,60.0,296.14,390.0,0.0,368.79,529.88,529.88,0.88313,True,292.82,504.01,334.88,0.0,orth6r_5742a76a3ff8_q00_rear_left,-1.0
orth6r_581bd3158d2f,orth6r_581bd3158d2f_q00,290.0,390.0,0.0,0.0,455.0,409.7,455.0,0.75833,True,455.0,284.7,260.0,0.001,orth6r_581bd3158d2f_q00_mid_left,0.01333
orth6r_5c81c931a652,orth6r_5c81c931a652_q00,290.0,390.0,0.0,60.0,482.72,360.0,490.6,0.81766,True,472.19,325.45,295.6,0.0,orth6r_5c81c931a652_q00_mid_left,0.33037
orth6r_5ea7273ce997,orth6r_5ea7273ce997_q00,60.0,296.14,390.0,0.0,458.89,361.98,638.61,1.06435,False,335.13,252.07,443.61,1.54,orth6r_5ea7273ce997_q00_rear_left,-1.0
orth6r_5fc90d0d3a67,orth6r_5fc90d0d3a67_q00,290.0,390.0,0.0,0.0,419.88,456.55,456.55,0.76091,True,294.88,456.55,261.55,14.047,orth6r_5fc90d0d3a67_q00_rear_center,0.22914
orth6r_610a840d3eaa,orth6r_610a840d3eaa_q00,60.0,296.14,390.0,0.0,361.16,532.32,532.32,0.8872,True,277.58,479.32,337.32,0.556,orth6r_610a840d3eaa_q00_rear_left,-1.0
orth6r_61790d51272c,orth6r_61790d51272c_q00,60.0,296.14,390.0,0.0,460.97,465.3,501.56,0.83594,True,460.97,354.3,306.56,1.472,orth6r_61790d51272c_q00_rear_right,0.09333
orth6r_62017e3aa9d0,orth6r_62017e3aa9d0_q00,60.0,296.14,390.0,0.0,388.43,485.79,482.62,0.80965,True,388.43,360.79,287.62,0.774,orth6r_62017e3aa9d0_q00_rear_left,-1.0
orth6r_65850abf2c4f,orth6r_65850abf2c4f_q00,290.0,390.0,0.0,60.0,360.0,482.68,490.6,0.81767,True,269.44,476.07,295.6,0.0,orth6r_65850abf2c4f_q00_rear_right,-1.0
orth6r_6fa0b1acd860,orth6r_6fa0b1acd860_q00,290.0,390.0,0.0,0.0,455.0,408.47,455.0,0.75833,True,454.76,283.47,260.0,0.223,orth6r_6fa0b1acd860_q00_rear_right,0.09136
orth6r_7138fdde137f,orth6r_7138fdde137f_q00,0.0,290.0,390.0,0.0,444.83,360.0,455.0,0.75833,True,444.37,358.53,260.0,1.462,orth6r_7138fdde137f_q00_rear_right,0.41667
orth6r_76db048bddd8,orth6r_76db048bddd8_q00,0.0,290.0,390.0,0.0,368.63,447.86,455.0,0.75833,True,355.42,352.04,260.0,15.97,orth6r_76db048bddd8_q00_rear_center,0.2
orth6r_7779af5de0a3,orth6r_7779af5de0a3_q00,60.0,296.14,390.0,0.0,360.0,522.89,526.07,0.87679,True,294.28,431.44,331.07,0.002,orth6r_7779af5de0a3_q00_rear_left,-1.0
orth6r_784c6e264edc,orth6r_784c6e264edc_q00,60.0,296.14,390.0,0.0,492.38,491.35,516.7,0.86117,True,402.4,366.35,343.99,2.117,orth6r_784c6e264edc_q00_rear_left,-1.0
orth6r_7d784d55c5f7,orth6r_7d784d55c5f7_q00,60.0,296.14,390.0,0.0,511.89,400.22,525.91,0.87651,True,478.75,281.22,330.91,0.001,orth6r_7d784d55c5f7_q00_rear_left,-1.0
orth6r_7e33ebdaf972,orth6r_7e33ebdaf972_q00,60.0,296.14,390.0,0.0,477.26,360.0,481.83,0.80305,True,456.96,358.58,286.83,0.027,orth6r_7e33ebdaf972_q00_rear_center,-1.0
orth6r_7f8078889a17,orth6r_7f8078889a17_q00,0.0,290.0,390.0,0.0,455.0,384.38,455.0,0.75833,True,454.03,366.07,260.0,23.308,orth6r_7f8078889a17_q00_rear_center,0.24938
orth6r_818237a7d207,orth6r_818237a7d207_q00,60.0,296.14,390.0,0.0,424.98,451.75,486.72,0.8112,True,299.98,443.91,291.72,2.86,orth6r_818237a7d207_q00_rear_left,-1.0
orth6r_824eeda95d6c,orth6r_824eeda95d6c_q00,290.0,390.0,0.0,60.0,461.03,400.62,461.02,0.76838,True,432.75,397.48,266.02,0.001,orth6r_824eeda95d6c_q00_mid_left,0.02667
orth6r_8597d20bb432,orth6r_8597d20bb432_q00,60.0,296.14,390.0,0.0,360.0,531.58,532.9,0.88817,True,235.76,484.12,337.9,1.547,orth6r_8597d20bb432_q00_rear_left,-1.0
orth6r_86176d23e85b,orth6r_86176d23e85b_q00,290.0,390.0,0.0,60.0,442.88,441.73,455.0,0.75833,True,442.88,316.73,260.0,0.001,orth6r_86176d23e85b_q00_rear_left,0.2079
orth6r_888f3529c431,orth6r_888f3529c431_q00,290.0,390.0,0.0,0.0,360.0,482.68,490.6,0.81766,True,317.86,436.21,295.6,0.0,orth6r_888f3529c431_q00_rear_right,0.46173
orth6r_8a5bb5fe0f2b,orth6r_8a5bb5fe0f2b_q00,290.0,390.0,0.0,60.0,360.0,482.68,490.6,0.81767,True,269.44,480.82,295.6,0.003,orth6r_8a5bb5fe0f2b_q00_rear_left,-1.0
orth6r_8ac29bba7197,orth6r_8ac29bba7197_q00,290.0,390.0,0.0,60.0,452.12,440.93,455.0,0.75833,True,432.27,440.93,260.0,9.254,orth6r_8ac29bba7197_q00_rear_center,0.25
orth6r_8c82d148d2c6,orth6r_8c82d148d2c6_q00,0.0,290.0,390.0,0.0,360.0,444.04,455.0,0.75833,True,352.71,417.44,260.0,0.001,orth6r_8c82d148d2c6_q00_rear_center,0.22469
orth6r_8ca07f8e4a47,orth6r_8ca07f8e4a47_q00,290.0,390.0,0.0,60.0,454.12,417.35,455.0,0.75833,True,329.12,417.35,260.0,0.0,orth6r_8ca07f8e4a47_q00_rear_left,-1.0
orth6r_920c8b224409,orth6r_920c8b224409_q00,290.0,390.0,0.0,60.0,455.0,408.48,455.0,0.75833,True,454.14,303.74,260.0,1.815,orth6r_920c8b224409_q00_mid_left,0.11901
orth6r_98704a8aec02,orth6r_98704a8aec02_q00,60.0,296.14,390.0,0.0,482.4,362.55,495.22,0.82537,True,415.72,353.57,300.22,5.335,orth6r_98704a8aec02_q00_rear_right,0.29185
orth6r_997951e83379,orth6r_997951e83379_q00,60.0,296.14,390.0,0.0,380.03,481.09,481.09,0.80182,True,256.42,448.39,286.09,0.0,orth6r_997951e83379_q00_rear_center,-1.0
orth6r_9b7d0e4b3c6a,orth6r_9b7d0e4b3c6a_q00,290.0,390.0,0.0,60.0,422.36,455.08,455.08,0.75847,True,297.36,455.08,260.08,0.003,orth6r_9b7d0e4b3c6a_q00_rear_center,0.13926
orth6r_9c26d67ce669,orth6r_9c26d67ce669_q00,290.0,390.0,0.0,60.0,360.0,482.68,490.6,0.81767,True,269.44,476.71,295.6,0.002,orth6r_9c26d67ce669_q00_mid_left,0.48611
orth6r_9c53e815720d,orth6r_9c53e815720d_q00,290.0,390.0,0.0,60.0,424.95,459.79,455.0,0.76632,True,327.53,459.79,260.0,28.212,orth6r_9c53e815720d_q00_rear_right,-1.0
orth6r_9cb821f00d15,orth6r_9cb821f00d15_q00,0.0,290.0,390.0,0.0,388.36,454.95,455.0,0.75833,True,348.17,415.03,260.0,34.458,orth6r_9cb821f00d15_q00_rear_right,0.51309
orth6r_9e2634b0f8c0,orth6r_9e2634b0f8c0_q00,290.0,390.0,0.0,0.0,441.78,443.01,455.0,0.75833,True,441.78,318.01,260.0,0.002,orth6r_9e2634b0f8c0_q00_mid_left,0.24247
orth6r_9e50a40ab789,orth6r_9e50a40ab789_q00,290.0,390.0,0.0,60.0,409.33,480.11,479.52,0.80019,True,409.33,417.5,284.52,14.698,orth6r_9e50a40ab789_q00_rear_left,-1.0
orth6r_9e74ddd5a9b4,orth6r_9e74ddd5a9b4_q00,290.0,390.0,0.0,0.0,451.4,427.23,455.0,0.75833,True,451.4,302.23,260.0,17.632,orth6r_9e74ddd5a9b4_q00_rear_right,0.16148
orth6r_9f4b51c050f5,orth6r_9f4b51c050f5_q00,60.0,296.14,390.0,0.0,360.0,466.27,628.22,1.04703,False,220.23,399.82,433.22,0.759,orth6r_9f4b51c050f5_q00_mid_left,-1.0
orth6r_a23fea711074,orth6r_a23fea711074_q00,290.0,390.0,0.0,60.0,482.68,360.0,490.6,0.81767,True,480.34,337.83,295.6,0.002,orth6r_a23fea711074_q00_rear_left,-1.0
orth6r_ab404c5b0195,orth6r_ab404c5b0195_q00,290.0,390.0,0.0,0.0,448.42,434.49,455.0,0.75833,True,448.42,309.49,260.0,0.001,orth6r_ab404c5b0195_q00_mid_left,0.3758
orth6r_abf73db2617a,orth6r_abf73db2617a_q00,60.0,296.14,390.0,0.0,467.8,387.43,506.52,0.84421,True,467.14,262.43,311.52,0.0,orth6r_abf73db2617a_q00_rear_left,0.11901
orth6r_aeff8172dd7b,orth6r_aeff8172dd7b_q00,290.0,390.0,0.0,60.0,452.68,440.23,455.0,0.75833,True,327.68,440.23,260.0,0.0,orth6r_aeff8172dd7b_q00_mid_left,0.13679
orth6r_b140415ce6b6,orth6r_b140415ce6b6_q00,290.0,390.0,0.0,60.0,408.47,455.0,455.0,0.75833,True,407.4,426.64,260.0,2.36,orth6r_b140415ce6b6_q00_rear_left,-1.0
orth6r_b5dd2c8d5e61,orth6r_b5dd2c8d5e61_q00,60.0,296.14,390.0,0.0,374.71,481.86,481.86,0.80311,True,372.0,433.16,286.86,0.0,orth6r_b5dd2c8d5e61_q00_rear_left,-1.0
orth6r_b77b731314af,orth6r_b77b731314af_q00,290.0,390.0,0.0,60.0,471.3,385.81,471.3,0.78551,True,456.17,260.81,276.3,0.0,orth6r_b77b731314af_q00_mid_left,0.02667
orth6r_b845e0082c8a,orth6r_b845e0082c8a_q00,60.0,296.14,390.0,0.0,360.0,523.1,594.6,0.99099,True,239.16,522.42,399.6,0.925,orth6r_b845e0082c8a_q00_rear_left,-1.0
orth6r_b9c46b48f3f2,orth6r_b9c46b48f3f2_q00,290.0,390.0,0.0,60.0,440.26,444.69,455.0,0.75833,True,440.26,323.88,260.0,0.001,orth6r_b9c46b48f3f2_q00_rear_right,-1.0
orth6r_baeb579700a3,orth6r_baeb579700a3_q00,290.0,390.0,0.0,0.0,456.92,429.35,455.0,0.76153,True,456.92,304.35,260.0,29.429,orth6r_baeb579700a3_q00_rear_right,0.18025
orth6r_bdf1e99a01d0,orth6r_bdf1e99a01d0_q00,0.0,290.0,390.0,0.0,440.88,429.69,455.0,0.75833,True,399.33,429.69,260.0,9.117,orth6r_bdf1e99a01d0_q00_rear_center,0.23605
orth6r_c031e59df660,orth6r_c031e59df660_q00,60.0,296.14,390.0,0.0,462.38,414.0,488.38,0.81397,True,445.5,289.0,293.38,3.688,orth6r_c031e59df660_q00_rear_left,-1.0
orth6r_c12198fc2631,orth6r_c12198fc2631_q00,290.0,390.0,0.0,60.0,392.16,482.48,490.67,0.81779,True,392.16,435.96,295.67,0.076,orth6r_c12198fc2631_q00_rear_right,-1.0
orth6r_c3d099507842,orth6r_c3d099507842_q00,60.0,296.14,390.0,0.0,448.76,494.4,492.26,0.824,True,323.76,459.28,297.26,0.041,orth6r_c3d099507842_q00_rear_center,0.14667
orth6r_c95a97caf657,orth6r_c95a97caf657_q00,290.0,390.0,0.0,60.0,455.0,408.47,455.0,0.75833,False,445.26,403.84,260.0,-47.0,orth6r_c95a97caf657_q00_rear_left,-1.0
orth6r_c962e3ae85ad,orth6r_c962e3ae85ad_q00,290.0,390.0,0.0,60.0,428.94,455.0,455.0,0.75833,True,303.94,455.0,260.0,13.94,orth6r_c962e3ae85ad_q00_rear_right,-1.0
orth6r_ca186130cd66,orth6r_ca186130cd66_q00,0.0,290.0,390.0,0.0,378.23,455.0,455.0,0.75833,True,322.45,451.5,260.0,19.614,orth6r_ca186130cd66_q00_rear_center,0.16
orth6r_cad1e405c96d,orth6r_cad1e405c96d_q00,60.0,296.14,390.0,0.0,460.85,401.59,495.21,0.82535,True,460.85,276.59,300.21,5.077,orth6r_cad1e405c96d_q00_rear_right,0.25
orth6r_cb14cc63734e,orth6r_cb14cc63734e_q00,60.0,296.14,390.0,0.0,375.93,474.6,537.55,0.89592,True,375.93,443.2,342.55,0.693,orth6r_cb14cc63734e_q00_rear_left,-1.0
orth6r_cda4366c119e,orth6r_cda4366c119e_q00,290.0,390.0,0.0,60.0,454.34,416.68,455.0,0.75833,True,329.34,416.68,260.0,0.001,orth6r_cda4366c119e_q00_rear_left,-1.0
orth6r_d0c0cbb0d163,orth6r_d0c0cbb0d163_q00,0.0,290.0,390.0,0.0,433.68,416.14,455.0,0.75833,True,425.58,337.29,260.0,21.135,orth6r_d0c0cbb0d163_q00_rear_center,0.2
orth6r_d1751e1929c8,orth6r_d1751e1929c8_q00,0.0,290.0,390.0,0.0,440.04,409.57,455.0,0.75833,True,370.96,390.48,260.0,21.663,orth6r_d1751e1929c8_q00_rear_center,0.23704
orth6r_d1c80ccc67e9,orth6r_d1c80ccc67e9_q00,0.0,290.0,390.0,0.0,360.0,445.46,455.0,0.75833,True,355.66,411.22,260.0,0.0,orth6r_d1c80ccc67e9_q00_rear_right,0.50074
orth6r_d61e36b35c81,orth6r_d61e36b35c81_q00,290.0,390.0,0.0,0.0,460.59,401.21,465.46,0.77577,True,453.94,301.65,270.46,0.001,orth6r_d61e36b35c81_q00_rear_right,0.07802
orth6r_d94907e07b06,orth6r_d94907e07b06_q00,290.0,390.0,0.0,0.0,483.22,424.75,479.39,0.80537,True,358.22,299.75,479.39,6.998,orth6r_d94907e07b06_q00_rear_right,0.58074
orth6r_da324b99da2b,orth6r_da324b99da2b_q00,60.0,296.14,390.0,0.0,471.6,481.5,489.25,0.81542,True,471.6,356.5,294.25,4.12,orth6r_da324b99da2b_q00_rear_left,-1.0
orth6r_da80d6e5ca9f,orth6r_da80d6e5ca9f_q00,60.0,296.14,390.0,0.0,373.82,477.85,482.98,0.80497,True,355.4,352.85,287.98,0.0,orth6r_da80d6e5ca9f_q00_rear_center,-1.0
orth6r_dca602fad736,orth6r_dca602fad736_q00,290.0,390.0,0.0,60.0,408.47,455.0,455.0,0.75833,False,375.04,395.28,260.0,-47.0,orth6r_dca602fad736_q00_rear_left,-1.0
orth6r_e3b74af25fef,orth6r_e3b74af25fef_q00,290.0,390.0,0.0,60.0,445.66,462.16,462.9,0.7715,True,320.66,462.16,267.9,16.128,orth6r_e3b74af25fef_q00_mid_left,-1.0
orth6r_e6c8160e0f54,orth6r_e6c8160e0f54_q00,60.0,296.14,390.0,0.0,450.78,463.94,487.46,0.81244,True,450.78,375.29,292.46,1.734,orth6r_e6c8160e0f54_q00_rear_left,-1.0
orth6r_e7e246e3057d,orth6r_e7e246e3057d_q00,290.0,390.0,0.0,60.0,428.98,455.0,455.0,0.75833,True,303.98,455.0,260.0,19.007,orth6r_e7e246e3057d_q00_mid_left,0.47457
orth6r_e802188c8216,orth6r_e802188c8216_q00,60.0,296.14,390.0,0.0,360.0,477.28,482.24,0.80374,True,272.17,466.92,287.24,0.0,orth6r_e802188c8216_q00_rear_left,-1.0
orth6r_e851f85c6cbc,orth6r_e851f85c6cbc_q00,60.0,296.14,390.0,0.0,487.54,360.0,507.91,0.84651,True,440.88,321.72,312.91,0.0,orth6r_e851f85c6cbc_q00_rear_left,-1.0
orth6r_e8946a1f6c4b,orth6r_e8946a1f6c4b_q00,0.0,290.0,390.0,0.0,455.0,368.89,455.0,0.75833,True,416.92,361.81,260.0,28.08,orth6r_e8946a1f6c4b_q00_rear_right,0.5
orth6r_ebb9ebb875ae,orth6r_ebb9ebb875ae_q00,290.0,390.0,0.0,0.0,360.0,482.68,490.6,0.81767,True,290.83,481.05,295.6,0.003,orth6r_ebb9ebb875ae_q00_rear_right,0.52543
orth6r_ee1d2b37ce0c,orth6r_ee1d2b37ce0c_q00,60.0,296.14,390.0,0.0,488.42,526.44,537.06,0.89509,True,363.42,401.44,463.75,2.757,orth6r_ee1d2b37ce0c_q00_rear_left,-1.0
orth6r_f0e1e6afd943,orth6r_f0e1e6afd943_q00,0.0,290.0,390.0,0.0,389.86,448.93,455.0,0.75833,True,372.09,448.93,260.0,31.246,orth6r_f0e1e6afd943_q00_rear_right,0.4884
orth6r_f1e768c809b3,orth6r_f1e768c809b3_q00,290.0,390.0,0.0,60.0,455.25,421.69,455.0,0.75876,True,330.25,421.69,260.0,10.245,orth6r_f1e768c809b3_q00_mid_left,0.11901
orth6r_f495543fb610,orth6r_f495543fb610_q00,290.0,390.0,0.0,60.0,455.0,408.47,455.0,0.75833,True,455.0,300.19,260.0,0.0,orth6r_f495543fb610_q00_rear_left,-1.0
orth6r_f50c523ae15f,orth6r_f50c523ae15f_q00,60.0,296.14,390.0,0.0,432.65,479.34,487.38,0.81231,True,307.65,479.34,365.14,0.0,orth6r_f50c523ae15f_q00_rear_center,-1.0
orth6r_f7ff89a11190,orth6r_f7ff89a11190_q00,290.0,390.0,0.0,60.0,360.0,482.68,490.6,0.81767,True,309.6,471.88,295.6,0.002,orth6r_f7ff89a11190_q00_rear_right,-1.0
orth6r_f890f3db9ce8,orth6r_f890f3db9ce8_q00,0.0,290.0,390.0,0.0,445.35,360.0,455.0,0.75833,True,415.41,315.99,260.0,0.001,orth6r_f890f3db9ce8_q00_rear_center,0.34667
orth6r_ff29e1793a51,orth6r_ff29e1793a51_q00,60.0,296.14,390.0,0.0,408.41,573.47,609.12,1.0152,False,283.41,448.47,609.12,2.192,orth6r_ff29e1793a51_q00_rear_center,-1.0
