robot,candidate_id,parking_id,J2_J3_mm,J3_J4_mm,J4_J5_mm,J5_J6_mm,tier1,tier2,tier3,pickup,module_basic,module_stress,module_min_clearance_mm,module_min_joint_margin_rad,robust_fraction
orth6r_03694c5d7af4,orth6r_03694c5d7af4_q00_rear_left,rear_left,60.0,296.14,390.0,0.0,0/15,0/25,0/27,0/72,False,0/9,,,-1.0
orth6r_03a12a816c95,orth6r_03a12a816c95_q00_mid_left,mid_left,290.0,390.0,0.0,60.0,4/15,12/25,3/27,29/72,True,7/9,6.03,0.2803802917471141,0.2859
orth6r_03e704fdcfb4,orth6r_03e704fdcfb4_q00_rear_left,rear_left,60.0,296.14,390.0,0.0,0/15,0/25,0/27,0/72,False,0/9,,,-1.0
orth6r_07fa5db950bd,orth6r_07fa5db950bd_q00_rear_right,rear_right,60.0,296.14,390.0,0.0,0/15,12/25,3/27,32/72,True,8/9,6.67,0.34877720313590355,0.197
orth6r_0c91a636710b,orth6r_0c91a636710b_q00_rear_left,rear_left,60.0,296.14,390.0,0.0,0/15,0/25,0/27,0/72,False,0/9,-56.41,0.19452606745398882,-1.0
orth6r_0d4619e319d2,orth6r_0d4619e319d2_q00_rear_right,rear_right,290.0,390.0,0.0,60.0,0/15,6/25,4/27,40/72,False,2/9,-31.14,0.6877931423210861,-1.0
orth6r_0e5f117bdb63,orth6r_0e5f117bdb63_q00_rear_left,rear_left,290.0,390.0,0.0,60.0,0/15,0/25,0/27,0/72,False,0/9,,,-1.0
orth6r_0ee68da88723,orth6r_0ee68da88723_q00_rear_left,rear_left,290.0,390.0,0.0,60.0,0/15,0/25,0/27,0/72,False,0/9,,,-1.0
orth6r_0f17787e2732,orth6r_0f17787e2732_q00_rear_right,rear_right,290.0,390.0,0.0,60.0,6/15,13/25,7/27,0/72,False,4/9,6.67,0.5443631625773417,-1.0
orth6r_0f66a629e196,orth6r_0f66a629e196_q00_mid_left,mid_left,290.0,390.0,0.0,0.0,8/15,13/25,2/27,41/72,True,9/9,6.67,0.6589142594494231,0.3758
orth6r_11921658c4d0,orth6r_11921658c4d0_q00_rear_left,rear_left,290.0,390.0,0.0,60.0,0/15,2/25,0/27,2/72,False,0/9,,,-1.0
orth6r_11a1e91c1411,orth6r_11a1e91c1411_q00_rear_center,rear_center,290.0,390.0,0.0,60.0,0/15,4/25,0/27,42/72,True,9/9,6.67,0.40848937694138554,0.0533
orth6r_11c4507ab405,orth6r_11c4507ab405_q00_rear_right,rear_right,290.0,390.0,0.0,60.0,4/15,11/25,5/27,35/72,False,0/9,-0.32,0.8891650664570421,-1.0
orth6r_148133fca859,orth6r_148133fca859_q00_rear_center,rear_center,60.0,296.14,390.0,0.0,10/15,20/25,4/27,38/72,True,9/9,6.67,1.0095014576364,0.5278
orth6r_14c5bd167a86,orth6r_14c5bd167a86_q00_mid_left,mid_left,60.0,296.14,390.0,0.0,0/15,1/25,0/27,2/72,False,0/9,-25.29,0.18308017719629488,-1.0
orth6r_1662155c14b4,orth6r_1662155c14b4_q00_rear_left,rear_left,60.0,296.14,390.0,0.0,0/15,0/25,0/27,0/72,False,0/9,,,-1.0
orth6r_1a8b1ee0531c,orth6r_1a8b1ee0531c_q00_rear_right,rear_right,0.0,290.0,390.0,0.0,9/15,17/25,6/27,37/72,True,9/9,6.67,0.7663567307805885,0.5007
orth6r_1b685f312f5c,orth6r_1b685f312f5c_q00_mid_left,mid_left,290.0,390.0,0.0,60.0,0/15,5/25,0/27,42/72,True,8/9,6.67,0.01078666347784285,0.0667
orth6r_1cbc42f09afb,orth6r_1cbc42f09afb_q00_rear_right,rear_right,290.0,390.0,0.0,0.0,5/15,6/25,2/27,57/72,True,9/9,6.67,0.800206016531015,0.2158
orth6r_1e06a293b7f2,orth6r_1e06a293b7f2_q00_rear_right,rear_right,0.0,290.0,390.0,0.0,9/15,17/25,7/27,34/72,True,9/9,6.67,0.7663567308153996,0.4722
orth6r_1fab2f0cdd9a,orth6r_1fab2f0cdd9a_q00_rear_left,rear_left,290.0,390.0,0.0,60.0,0/15,0/25,0/27,0/72,False,0/9,,,-1.0
orth6r_20484ebc927b,orth6r_20484ebc927b_q00_rear_right,rear_right,290.0,390.0,0.0,60.0,0/15,5/25,2/27,41/72,True,9/9,6.67,0.683651226459949,0.0914
orth6r_218c75d824a1,orth6r_218c75d824a1_q00_mid_left,mid_left,290.0,390.0,0.0,60.0,10/15,10/25,3/27,31/72,True,9/9,6.67,0.4763887548328709,0.3926
orth6r_2294bde74b3b,orth6r_2294bde74b3b_q00_mid_left,mid_left,290.0,390.0,0.0,60.0,0/15,3/25,0/27,39/72,False,0/9,-1.03,0.016333318760739957,-1.0
orth6r_2304cc33139d,orth6r_2304cc33139d_q00_rear_left,rear_left,60.0,296.14,390.0,0.0,0/15,0/25,0/27,0/72,False,0/9,,,-1.0
orth6r_233206963769,orth6r_233206963769_q00_rear_right,rear_right,60.0,296.14,390.0,0.0,0/15,1/25,0/27,0/72,False,0/9,-1.83,5.155875726359227e-13,-1.0
orth6r_2474f52a561a,orth6r_2474f52a561a_q00_rear_left,rear_left,60.0,296.14,390.0,0.0,0/15,0/25,0/27,0/72,False,0/9,-31.06,0.06355883686904384,-1.0
orth6r_24bc120093b4,orth6r_24bc120093b4_q00_rear_left,rear_left,60.0,296.14,390.0,0.0,0/15,1/25,0/27,0/72,True,3/9,-88.42,0.010346066273489996,0.0
orth6r_265440142d12,orth6r_265440142d12_q00_rear_left,rear_left,60.0,296.14,390.0,0.0,0/15,0/25,0/27,0/72,False,0/9,,,-1.0
orth6r_27d47e03a0b7,orth6r_27d47e03a0b7_q00_rear_right,rear_right,290.0,390.0,0.0,60.0,9/15,15/25,5/27,39/72,True,9/9,6.67,0.2198214703722272,0.4617
orth6r_28db2e01d146,orth6r_28db2e01d146_q00_mid_left,mid_left,290.0,390.0,0.0,60.0,8/15,17/25,1/27,45/72,True,8/9,-0.13,0.35865246080544333,0.4168
orth6r_2ad6a15c831a,orth6r_2ad6a15c831a_q00_rear_left,rear_left,290.0,390.0,0.0,60.0,0/15,1/25,0/27,4/72,False,0/9,26.52,4.2132031197184006e-10,-1.0
orth6r_2baf9f3a585c,orth6r_2baf9f3a585c_q00_rear_left,rear_left,290.0,390.0,0.0,60.0,0/15,0/25,0/27,0/72,False,0/9,,,-1.0
orth6r_2f026ee4cad6,orth6r_2f026ee4cad6_q00_rear_right,rear_right,290.0,390.0,0.0,0.0,0/15,5/25,2/27,39/72,True,9/9,6.67,0.6691347603973299,0.0914
orth6r_2ffd1d63edaa,orth6r_2ffd1d63edaa_q00_rear_right,rear_right,290.0,390.0,0.0,0.0,9/15,15/25,4/27,37/72,True,9/9,6.67,0.22070472629011828,0.4494
orth6r_306c81645fb0,orth6r_306c81645fb0_q00_rear_right,rear_right,290.0,390.0,0.0,60.0,5/15,8/25,3/27,44/72,True,9/9,3.34,0.9464041532513586,0.2548
orth6r_312a857bf0c8,orth6r_312a857bf0c8_q00_rear_left,rear_left,290.0,390.0,0.0,60.0,0/15,0/25,0/27,0/72,False,0/9,,,-1.0
orth6r_34a88450afa3,orth6r_34a88450afa3_q00_rear_right,rear_right,290.0,390.0,0.0,0.0,0/15,4/25,1/27,47/72,True,9/9,6.67,0.8002060165790132,0.0657
orth6r_34c59bd33051,orth6r_34c59bd33051_q00_mid_left,mid_left,60.0,296.14,390.0,0.0,10/15,18/25,0/27,37/72,True,7/9,-0.04,0.09433465474868452,0.4622
orth6r_35e3ec1a11e3,orth6r_35e3ec1a11e3_q00_mid_left,mid_left,290.0,390.0,0.0,60.0,0/15,1/25,0/27,4/72,False,0/9,5.03,0.2996695479918925,-1.0
orth6r_36fbc94cdbc4,orth6r_36fbc94cdbc4_q00_rear_right,rear_right,290.0,390.0,0.0,60.0,5/15,17/25,7/27,52/72,True,9/9,6.67,0.4481731987860271,0.4242
orth6r_38af49b5060e,orth6r_38af49b5060e_q00_rear_right,rear_right,290.0,390.0,0.0,60.0,0/15,3/25,1/27,40/72,True,7/9,6.67,0.007476342507186651,0.0523
orth6r_39bf1ac80cbc,orth6r_39bf1ac80cbc_q00_rear_center,rear_center,290.0,390.0,0.0,60.0,10/15,14/25,4/27,48/72,True,9/9,6.67,0.2488266517464255,0.4583
orth6r_3a3b8f07822a,orth6r_3a3b8f07822a_q00_rear_left,rear_left,60.0,296.14,390.0,0.0,0/15,0/25,0/27,0/72,False,0/9,,,-1.0
orth6r_3b4dc471ccbe,orth6r_3b4dc471ccbe_q00_rear_left,rear_left,60.0,296.14,390.0,0.0,0/15,0/25,0/27,0/72,False,0/9,,,-1.0
orth6r_3b59ebc9ba70,orth6r_3b59ebc9ba70_q00_rear_center,rear_center,60.0,296.14,390.0,0.0,0/15,0/25,0/27,2/72,False,0/9,-88.18,0.5086402617411534,-1.0
orth6r_3fe969442104,orth6r_3fe969442104_q00_mid_left,mid_left,290.0,390.0,0.0,60.0,0/15,1/25,0/27,0/72,False,0/9,28.07,0.749676198606418,-1.0
orth6r_441a8c500291,orth6r_441a8c500291_q00_rear_left,rear_left,290.0,390.0,0.0,60.0,1/15,6/25,1/27,23/72,True,9/9,1.4,0.0712798983645353,0.1146
orth6r_45aa0032ccc7,orth6r_45aa0032ccc7_q00_rear_left,rear_left,290.0,390.0,0.0,60.0,0/15,0/25,0/27,0/72,False,0/9,,,-1.0
orth6r_4710700edaa4,orth6r_4710700edaa4_q00_rear_left,rear_left,60.0,296.14,390.0,0.0,0/15,0/25,0/27,0/72,False,0/9,,,-1.0
orth6r_4ab675a33402,orth6r_4ab675a33402_q00_rear_right,rear_right,290.0,390.0,0.0,60.0,12/15,21/25,6/27,56/72,True,9/9,0.52,0.22069628494919713,0.6207
orth6r_4c171ab19c7e,orth6r_4c171ab19c7e_q00_rear_right,rear_right,290.0,390.0,0.0,60.0,0/15,5/25,1/27,41/72,True,9/9,6.67,0.683651226459949,0.079
orth6r_4dfef6f66399,orth6r_4dfef6f66399_q00_rear_center,rear_center,0.0,290.0,390.0,0.0,0/15,10/25,1/27,34/72,True,8/9,6.67,0.2781446361319939,0.1457
orth6r_567a38dbb60d,orth6r_567a38dbb60d_q00_rear_right,rear_right,290.0,390.0,0.0,60.0,5/15,8/25,0/27,0/72,False,0/9,,,-1.0
orth6r_5742a76a3ff8,orth6r_5742a76a3ff8_q00_rear_left,rear_left,60.0,296.14,390.0,0.0,0/15,0/25,0/27,0/72,False,0/9,,,-1.0
orth6r_581bd3158d2f,orth6r_581bd3158d2f_q00_mid_left,mid_left,290.0,390.0,0.0,0.0,0/15,1/25,0/27,34/72,True,8/9,6.67,0.0662848840552126,0.0133
orth6r_5c81c931a652,orth6r_5c81c931a652_q00_mid_left,mid_left,290.0,390.0,0.0,60.0,6/15,12/25,3/27,34/72,True,9/9,0.45,0.25001696010467445,0.3304
orth6r_5ea7273ce997,orth6r_5ea7273ce997_q00_rear_left,rear_left,60.0,296.14,390.0,0.0,0/15,0/25,0/27,0/72,False,0/9,,,-1.0
orth6r_5fc90d0d3a67,orth6r_5fc90d0d3a67_q00_rear_center,rear_center,290.0,390.0,0.0,0.0,2/15,12/25,2/27,19/72,True,6/9,6.67,0.22832559146886444,0.2291
orth6r_610a840d3eaa,orth6r_610a840d3eaa_q00_rear_left,rear_left,60.0,296.14,390.0,0.0,0/15,0/25,0/27,0/72,False,0/9,,,-1.0
orth6r_61790d51272c,orth6r_61790d51272c_q00_rear_right,rear_right,60.0,296.14,390.0,0.0,0/15,7/25,0/27,12/72,True,8/9,4.62,0.19593691429935434,0.0933
orth6r_62017e3aa9d0,orth6r_62017e3aa9d0_q00_rear_left,rear_left,60.0,296.14,390.0,0.0,0/15,0/25,0/27,0/72,False,0/9,,,-1.0
orth6r_65850abf2c4f,orth6r_65850abf2c4f_q00_rear_right,rear_right,290.0,390.0,0.0,60.0,12/15,2/25,0/27,12/72,False,0/9,,,-1.0
orth6r_6fa0b1acd860,orth6r_6fa0b1acd860_q00_rear_right,rear_right,290.0,390.0,0.0,0.0,0/15,5/25,2/27,39/72,True,9/9,6.67,0.6691347603861195,0.0914
orth6r_7138fdde137f,orth6r_7138fdde137f_q00_rear_right,rear_right,0.0,290.0,390.0,0.0,9/15,17/25,7/27,30/72,True,9/9,6.67,0.7663567307977888,0.4167
orth6r_76db048bddd8,orth6r_76db048bddd8_q00_rear_center,rear_center,0.0,290.0,390.0,0.0,0/15,15/25,0/27,30/72,True,7/9,0.04,0.005767878883744082,0.2
orth6r_7779af5de0a3,orth6r_7779af5de0a3_q00_rear_left,rear_left,60.0,296.14,390.0,0.0,0/15,0/25,0/27,0/72,False,0/9,-0.34,1.0658141036401503e-14,-1.0
orth6r_784c6e264edc,orth6r_784c6e264edc_q00_rear_left,rear_left,60.0,296.14,390.0,0.0,0/15,0/25,0/27,0/72,False,0/9,,,-1.0
orth6r_7d784d55c5f7,orth6r_7d784d55c5f7_q00_rear_left,rear_left,60.0,296.14,390.0,0.0,0/15,0/25,0/27,0/72,False,0/9,-20.86,4.5106849078102584e-06,-1.0
orth6r_7e33ebdaf972,orth6r_7e33ebdaf972_q00_rear_center,rear_center,60.0,296.14,390.0,0.0,0/15,0/25,0/27,3/72,False,0/9,-5.41,0.6201468016440577,-1.0
orth6r_7f8078889a17,orth6r_7f8078889a17_q00_rear_center,rear_center,0.0,290.0,390.0,0.0,0/15,15/25,4/27,34/72,True,8/9,6.67,0.5062873927188019,0.2494
orth6r_818237a7d207,orth6r_818237a7d207_q00_rear_left,rear_left,60.0,296.14,390.0,0.0,0/15,0/25,0/27,0/72,False,0/9,,,-1.0
orth6r_824eeda95d6c,orth6r_824eeda95d6c_q00_mid_left,mid_left,290.0,390.0,0.0,60.0,0/15,2/25,0/27,36/72,True,7/9,6.67,0.0032631313793447525,0.0267
orth6r_8597d20bb432,orth6r_8597d20bb432_q00_rear_left,rear_left,60.0,296.14,390.0,0.0,0/15,0/25,0/27,0/72,False,0/9,,,-1.0
orth6r_86176d23e85b,orth6r_86176d23e85b_q00_rear_left,rear_left,290.0,390.0,0.0,60.0,1/15,13/25,1/27,30/72,True,9/9,0.07,0.2750832373130603,0.2079
orth6r_888f3529c431,orth6r_888f3529c431_q00_rear_right,rear_right,290.0,390.0,0.0,0.0,9/15,15/25,5/27,37/72,True,9/9,6.67,0.2207047263001065,0.4617
orth6r_8a5bb5fe0f2b,orth6r_8a5bb5fe0f2b_q00_rear_left,rear_left,290.0,390.0,0.0,60.0,0/15,0/25,0/27,0/72,False,0/9,40.18,0.0012893547244579029,-1.0
orth6r_8ac29bba7197,orth6r_8ac29bba7197_q00_rear_center,rear_center,290.0,390.0,0.0,60.0,5/15,10/25,3/27,18/72,True,9/9,6.67,0.5916652303621039,0.25
orth6r_8c82d148d2c6,orth6r_8c82d148d2c6_q00_rear_center,rear_center,0.0,290.0,390.0,0.0,0/15,15/25,2/27,35/72,True,8/9,0.04,0.5062873927187888,0.2247
orth6r_8ca07f8e4a47,orth6r_8ca07f8e4a47_q00_rear_left,rear_left,290.0,390.0,0.0,60.0,0/15,1/25,0/27,4/72,False,0/9,-0.54,0.06463956459613218,-1.0
orth6r_920c8b224409,orth6r_920c8b224409_q00_mid_left,mid_left,290.0,390.0,0.0,60.0,0/15,8/25,1/27,33/72,True,9/9,2.67,0.8023075302813516,0.119
orth6r_98704a8aec02,orth6r_98704a8aec02_q00_rear_right,rear_right,60.0,296.14,390.0,0.0,2/15,13/25,6/27,22/72,True,9/9,3.94,0.7247129984015099,0.2919
orth6r_997951e83379,orth6r_997951e83379_q00_rear_center,rear_center,60.0,296.14,390.0,0.0,0/15,1/25,0/27,0/72,False,0/9,-46.22,0.37282152530234547,-1.0
orth6r_9b7d0e4b3c6a,orth6r_9b7d0e4b3c6a_q00_rear_center,rear_center,290.0,390.0,0.0,60.0,1/15,6/25,3/27,21/72,True,9/9,6.67,0.5395565680026033,0.1393
orth6r_9c26d67ce669,orth6r_9c26d67ce669_q00_mid_left,mid_left,290.0,390.0,0.0,60.0,8/15,20/25,5/27,35/72,True,8/9,0.45,0.12418329915325632,0.4861
orth6r_9c53e815720d,orth6r_9c53e815720d_q00_rear_right,rear_right,290.0,390.0,0.0,60.0,0/15,3/25,2/27,38/72,False,0/9,-0.38,0.8395628780529849,-1.0
orth6r_9cb821f00d15,orth6r_9cb821f00d15_q00_rear_right,rear_right,0.0,290.0,390.0,0.0,9/15,17/25,7/27,43/72,True,9/9,6.67,0.7663567307802166,0.5131
orth6r_9e2634b0f8c0,orth6r_9e2634b0f8c0_q00_mid_left,mid_left,290.0,390.0,0.0,0.0,2/15,13/25,2/27,31/72,True,7/9,6.67,0.09141291489827807,0.2425
orth6r_9e50a40ab789,orth6r_9e50a40ab789_q00_rear_left,rear_left,290.0,390.0,0.0,60.0,0/15,0/25,0/27,0/72,False,0/9,,,-1.0
orth6r_9e74ddd5a9b4,orth6r_9e74ddd5a9b4_q00_rear_right,rear_right,290.0,390.0,0.0,0.0,2/15,6/25,3/27,46/72,True,9/9,6.67,0.8002060165311635,0.1615
orth6r_9f4b51c050f5,orth6r_9f4b51c050f5_q00_mid_left,mid_left,60.0,296.14,390.0,0.0,2/15,2/25,0/27,0/72,False,0/9,-64.13,0.09396354335238621,-1.0
orth6r_a23fea711074,orth6r_a23fea711074_q00_rear_left,rear_left,290.0,390.0,0.0,60.0,0/15,0/25,0/27,0/72,False,0/9,0.96,0.012080458890723289,-1.0
orth6r_ab404c5b0195,orth6r_ab404c5b0195_q00_mid_left,mid_left,290.0,390.0,0.0,0.0,8/15,13/25,2/27,50/72,True,9/9,6.67,0.6589142595906883,0.3758
orth6r_abf73db2617a,orth6r_abf73db2617a_q00_rear_left,rear_left,60.0,296.14,390.0,0.0,0/15,8/25,1/27,31/72,True,7/9,6.67,0.5376494444802264,0.119
orth6r_aeff8172dd7b,orth6r_aeff8172dd7b_q00_mid_left,mid_left,290.0,390.0,0.0,60.0,2/15,6/25,1/27,38/72,True,9/9,6.67,0.45448863177232557,0.1368
orth6r_b140415ce6b6,orth6r_b140415ce6b6_q00_rear_left,rear_left,290.0,390.0,0.0,60.0,0/15,3/25,0/27,28/72,False,0/9,-0.65,0.012300311244246132,-1.0
orth6r_b5dd2c8d5e61,orth6r_b5dd2c8d5e61_q00_rear_left,rear_left,60.0,296.14,390.0,0.0,0/15,0/25,0/27,0/72,False,0/9,,,-1.0
orth6r_b77b731314af,orth6r_b77b731314af_q00_mid_left,mid_left,290.0,390.0,0.0,60.0,0/15,2/25,0/27,42/72,True,6/9,-0.32,0.09047295155588397,0.0267
orth6r_b845e0082c8a,orth6r_b845e0082c8a_q00_rear_left,rear_left,60.0,296.14,390.0,0.0,0/15,0/25,0/27,0/72,False,0/9,,,-1.0
orth6r_b9c46b48f3f2,orth6r_b9c46b48f3f2_q00_rear_right,rear_right,290.0,390.0,0.0,60.0,0/15,3/25,0/27,0/72,False,1/9,-0.08,1.907363156306019e-13,-1.0
orth6r_baeb579700a3,orth6r_baeb579700a3_q00_rear_right,rear_right,290.0,390.0,0.0,0.0,4/15,5/25,2/27,49/72,True,9/9,6.67,0.8002060165309894,0.1802
orth6r_bdf1e99a01d0,orth6r_bdf1e99a01d0_q00_rear_center,rear_center,0.0,290.0,390.0,0.0,0/15,14/25,4/27,34/72,True,8/9,6.67,0.2781446361319935,0.236
orth6r_c031e59df660,orth6r_c031e59df660_q00_rear_left,rear_left,60.0,296.14,390.0,0.0,0/15,0/25,0/27,0/72,False,0/9,,,-1.0
orth6r_c12198fc2631,orth6r_c12198fc2631_q00_rear_right,rear_right,290.0,390.0,0.0,60.0,12/15,2/25,0/27,12/72,False,0/9,,,-1.0
orth6r_c3d099507842,orth6r_c3d099507842_q00_rear_center,rear_center,60.0,296.14,390.0,0.0,0/15,11/25,0/27,29/72,True,7/9,-4.92,0.028108361248191827,0.1467
orth6r_c95a97caf657,orth6r_c95a97caf657_q00_rear_left,rear_left,290.0,390.0,0.0,60.0,0/15,0/25,0/27,0/72,False,0/9,,,-1.0
orth6r_c962e3ae85ad,orth6r_c962e3ae85ad_q00_rear_right,rear_right,290.0,390.0,0.0,60.0,5/15,6/25,0/27,0/72,False,0/9,,,-1.0
orth6r_ca186130cd66,orth6r_ca186130cd66_q00_rear_center,rear_center,0.0,290.0,390.0,0.0,0/15,12/25,0/27,30/72,True,8/9,6.67,0.24904395340354846,0.16
orth6r_cad1e405c96d,orth6r_cad1e405c96d_q00_rear_right,rear_right,60.0,296.14,390.0,0.0,3/15,11/25,6/27,18/72,True,9/9,0.54,0.7694389934924137,0.25
orth6r_cb14cc63734e,orth6r_cb14cc63734e_q00_rear_left,rear_left,60.0,296.14,390.0,0.0,0/15,0/25,0/27,0/72,False,0/9,,,-1.0
orth6r_cda4366c119e,orth6r_cda4366c119e_q00_rear_left,rear_left,290.0,390.0,0.0,60.0,0/15,0/25,0/27,0/72,False,0/9,,,-1.0
orth6r_d0c0cbb0d163,orth6r_d0c0cbb0d163_q00_rear_center,rear_center,0.0,290.0,390.0,0.0,0/15,15/25,0/27,35/72,True,8/9,0.04,0.5062873927187763,0.2
orth6r_d1751e1929c8,orth6r_d1751e1929c8_q00_rear_center,rear_center,0.0,290.0,390.0,0.0,0/15,15/25,3/27,35/72,True,8/9,0.04,0.5062873927201432,0.237
orth6r_d1c80ccc67e9,orth6r_d1c80ccc67e9_q00_rear_right,rear_right,0.0,290.0,390.0,0.0,9/15,17/25,6/27,45/72,True,9/9,6.67,0.7663567307802168,0.5007
orth6r_d61e36b35c81,orth6r_d61e36b35c81_q00_rear_right,rear_right,290.0,390.0,0.0,0.0,0/15,4/25,2/27,33/72,True,9/9,6.67,0.6691347603861295,0.078
orth6r_d94907e07b06,orth6r_d94907e07b06_q00_rear_right,rear_right,290.0,390.0,0.0,0.0,12/15,18/25,6/27,59/72,True,9/9,6.67,0.220696284949212,0.5807
orth6r_da324b99da2b,orth6r_da324b99da2b_q00_rear_left,rear_left,60.0,296.14,390.0,0.0,0/15,0/25,0/27,0/72,False,0/9,-57.07,0.14332093715101202,-1.0
orth6r_da80d6e5ca9f,orth6r_da80d6e5ca9f_q00_rear_center,rear_center,60.0,296.14,390.0,0.0,0/15,3/25,0/27,0/72,False,0/9,,,-1.0
orth6r_dca602fad736,orth6r_dca602fad736_q00_rear_left,rear_left,290.0,390.0,0.0,60.0,0/15,0/25,0/27,0/72,False,0/9,,,-1.0
orth6r_e3b74af25fef,orth6r_e3b74af25fef_q00_mid_left,mid_left,290.0,390.0,0.0,60.0,1/15,0/25,0/27,5/72,False,0/9,6.62,0.0046011186561685236,-1.0
orth6r_e6c8160e0f54,orth6r_e6c8160e0f54_q00_rear_left,rear_left,60.0,296.14,390.0,0.0,0/15,0/25,0/27,0/72,False,0/9,,,-1.0
orth6r_e7e246e3057d,orth6r_e7e246e3057d_q00_mid_left,mid_left,290.0,390.0,0.0,60.0,10/15,18/25,1/27,38/72,True,9/9,6.67,0.751390345563095,0.4746
orth6r_e802188c8216,orth6r_e802188c8216_q00_rear_left,rear_left,60.0,296.14,390.0,0.0,0/15,0/25,0/27,0/72,False,0/9,-73.19,0.6328078715337833,-1.0
orth6r_e851f85c6cbc,orth6r_e851f85c6cbc_q00_rear_left,rear_left,60.0,296.14,390.0,0.0,0/15,0/25,0/27,0/72,False,0/9,,,-1.0
orth6r_e8946a1f6c4b,orth6r_e8946a1f6c4b_q00_rear_right,rear_right,0.0,290.0,390.0,0.0,9/15,17/25,6/27,36/72,True,9/9,6.67,0.766356730780597,0.5
orth6r_ebb9ebb875ae,orth6r_ebb9ebb875ae_q00_rear_right,rear_right,290.0,390.0,0.0,0.0,9/15,17/25,8/27,59/72,True,9/9,6.67,0.43208572483156193,0.5254
orth6r_ee1d2b37ce0c,orth6r_ee1d2b37ce0c_q00_rear_left,rear_left,60.0,296.14,390.0,0.0,1/15,0/25,0/27,0/72,False,0/9,-76.22,0.38822978199258085,-1.0
orth6r_f0e1e6afd943,orth6r_f0e1e6afd943_q00_rear_right,rear_right,0.0,290.0,390.0,0.0,9/15,17/25,5/27,44/72,True,9/9,6.67,0.7663567307802173,0.4884
orth6r_f1e768c809b3,orth6r_f1e768c809b3_q00_mid_left,mid_left,290.0,390.0,0.0,60.0,0/15,8/25,1/27,33/72,True,9/9,2.67,0.3872686322427832,0.119
orth6r_f495543fb610,orth6r_f495543fb610_q00_rear_left,rear_left,290.0,390.0,0.0,60.0,1/15,2/25,0/27,3/72,False,0/9,,,-1.0
orth6r_f50c523ae15f,orth6r_f50c523ae15f_q00_rear_center,rear_center,60.0,296.14,390.0,0.0,0/15,0/25,0/27,4/72,False,0/9,-48.72,0.12121150503872258,-1.0
orth6r_f7ff89a11190,orth6r_f7ff89a11190_q00_rear_right,rear_right,290.0,390.0,0.0,60.0,9/15,15/25,4/27,39/72,False,0/9,-0.09,0.21992108073452776,-1.0
orth6r_f890f3db9ce8,orth6r_f890f3db9ce8_q00_rear_center,rear_center,0.0,290.0,390.0,0.0,6/15,16/25,0/27,45/72,True,8/9,6.67,0.01463767750057876,0.3467
orth6r_ff29e1793a51,orth6r_ff29e1793a51_q00_rear_center,rear_center,60.0,296.14,390.0,0.0,1/15,4/25,0/27,0/72,False,0/9,-64.63,0.7860553609261087,-1.0
