candidate_id,robot,sample_index,sampling_kind,parking_id,span2_mm,span3_mm,span4_mm,span5_mm,factor2,factor3,factor4,factor5,tier1_complete,tier2_complete,tier3_complete,storage_balanced_fraction,pickup_complete,pickup_min_slot_complete,module_complete,module_stress_complete,module_stress_total,module_stress_min_clearance_m,module_stress_min_joint_margin_rad,elapsed_s
rm2p_offset_wrist_q00_rear_left,rm2p_offset_wrist,0,baseline,rear_left,290.0,390.0,0.0,60.0,1.0,1.0,,1.0,4,14,1,0.28790123456790123,32,2,True,8,9,-0.00013933267745838002,0.0901970204220559,58.76486689600097
rm2p_offset_wrist_q00_rear_center,rm2p_offset_wrist,0,baseline,rear_center,290.0,390.0,0.0,60.0,1.0,1.0,,1.0,7,19,5,0.4706172839506173,36,6,True,9,9,0.00666666666666671,0.47225105489724006,70.98832477399992
rm2p_offset_wrist_q00_rear_right,rm2p_offset_wrist,0,baseline,rear_right,290.0,390.0,0.0,60.0,1.0,1.0,,1.0,9,19,6,0.5274074074074074,37,6,True,9,9,0.00666666666666671,0.20520091513465277,56.15154007000092
rm2p_offset_wrist_q00_mid_left,rm2p_offset_wrist,0,baseline,mid_left,290.0,390.0,0.0,60.0,1.0,1.0,,1.0,8,20,5,0.5061728395061729,36,6,True,8,9,0.0004548275611447397,0.12418329915325588,89.81971001599959
rm2p_offset_wrist_q01_rear_left,rm2p_offset_wrist,1,sobol,rear_left,260.9183107195422,433.16841759067023,0.0,63.6686912253499,0.8997183128260076,1.1106882502324877,,1.0611448537558317,5,15,2,0.3358024691358024,36,6,True,8,9,-0.0009786593276979033,0.2107072159023522,62.101498182000796
rm2p_offset_wrist_q01_rear_center,rm2p_offset_wrist,1,sobol,rear_center,260.9183107195422,433.16841759067023,0.0,63.6686912253499,0.8997183128260076,1.1106882502324877,,1.0611448537558317,8,18,6,0.4918518518518518,36,6,True,9,9,0.00666666666666671,0.5335116762157,73.20810275099939
rm2p_offset_wrist_q01_rear_right,rm2p_offset_wrist,1,sobol,rear_right,260.9183107195422,433.16841759067023,0.0,63.6686912253499,0.8997183128260076,1.1106882502324877,,1.0611448537558317,9,19,6,0.5274074074074074,34,5,True,9,9,0.00666666666666671,0.20400283960675125,82.3661273130001
rm2p_offset_wrist_q01_mid_left,rm2p_offset_wrist,1,sobol,mid_left,260.9183107195422,433.16841759067023,0.0,63.6686912253499,0.8997183128260076,1.1106882502324877,,1.0611448537558317,8,20,5,0.5061728395061729,36,6,True,5,9,-0.0013757193923300756,0.20005844884413548,70.66124408399992
rm2p_offset_wrist_q02_rear_left,rm2p_offset_wrist,2,sobol,rear_left,315.5400831662118,337.9636947400868,0.0,59.55587086267769,1.0880692522972821,0.8665735762566328,,0.9925978477112949,2,8,0,0.1511111111111111,25,0,True,8,9,-0.00040706431108195745,0.0016613941234702168,70.79048392799996
rm2p_offset_wrist_q02_rear_center,rm2p_offset_wrist,2,sobol,rear_center,315.5400831662118,337.9636947400868,0.0,59.55587086267769,1.0880692522972821,0.8665735762566328,,0.9925978477112949,7,17,4,0.43160493827160495,41,6,True,9,9,0.00666666666666671,0.31471685914848413,78.22895847600012
rm2p_offset_wrist_q02_rear_right,rm2p_offset_wrist,2,sobol,rear_right,315.5400831662118,337.9636947400868,0.0,59.55587086267769,1.0880692522972821,0.8665735762566328,,0.9925978477112949,9,19,5,0.5150617283950617,38,6,True,9,9,0.00666666666666671,0.20572721381297465,65.9182041109998
rm2p_offset_wrist_q02_mid_left,rm2p_offset_wrist,2,sobol,mid_left,315.5400831662118,337.9636947400868,0.0,59.55587086267769,1.0880692522972821,0.8665735762566328,,0.9925978477112949,7,18,3,0.4325925925925926,38,4,True,9,9,0.002522815168359685,0.12930646319421246,74.67716916599966
rm2p_spherical_wrist_q00_rear_left,rm2p_spherical_wrist,0,baseline,rear_left,290.0,390.0,0.0,0.0,1.0,1.0,,,1,5,0,0.08888888888888889,23,1,True,7,9,0.00666666666666671,0.012745243110391602,80.355260155
rm2p_spherical_wrist_q00_rear_center,rm2p_spherical_wrist,0,baseline,rear_center,290.0,390.0,0.0,0.0,1.0,1.0,,,5,14,2,0.32246913580246916,38,5,True,9,9,0.00666666666666671,0.2772890287612033,66.83789683299983
rm2p_spherical_wrist_q00_rear_right,rm2p_spherical_wrist,0,baseline,rear_right,290.0,390.0,0.0,0.0,1.0,1.0,,,9,15,4,0.4493827160493827,37,5,True,9,9,0.00666666666666671,0.22070472629022952,65.42333218400017
rm2p_spherical_wrist_q00_mid_left,rm2p_spherical_wrist,0,baseline,mid_left,290.0,390.0,0.0,0.0,1.0,1.0,,,6,15,3,0.3703703703703704,34,4,True,7,9,0.00666666666666671,0.1330660540609685,64.44729797499895
rm2p_spherical_wrist_q01_rear_left,rm2p_spherical_wrist,1,sobol,rear_left,260.9183107195422,433.16841759067023,0.0,0.0,0.8997183128260076,1.1106882502324877,,,1,7,0,0.11555555555555556,30,1,True,8,9,0.00666666666666671,0.01178851829817873,79.8817368960008
rm2p_spherical_wrist_q01_rear_center,rm2p_spherical_wrist,1,sobol,rear_center,260.9183107195422,433.16841759067023,0.0,0.0,0.8997183128260076,1.1106882502324877,,,6,17,4,0.40938271604938276,35,5,True,9,9,0.00666666666666671,0.40307881883119534,64.8756512459986
rm2p_spherical_wrist_q01_rear_right,rm2p_spherical_wrist,1,sobol,rear_right,260.9183107195422,433.16841759067023,0.0,0.0,0.8997183128260076,1.1106882502324877,,,9,16,5,0.4750617283950617,37,5,True,9,9,0.00666666666666671,0.22069628495130322,67.17689086000064
rm2p_spherical_wrist_q01_mid_left,rm2p_spherical_wrist,1,sobol,mid_left,260.9183107195422,433.16841759067023,0.0,0.0,0.8997183128260076,1.1106882502324877,,,6,16,3,0.3837037037037037,36,5,True,6,9,0.00666666666666671,0.1811828919419387,84.2504749439995
rm2p_spherical_wrist_q02_rear_left,rm2p_spherical_wrist,2,sobol,rear_left,320.85170789342374,385.5946764629334,0.0,0.0,1.1063851996324956,0.9887042986229062,,,3,7,0,0.16,28,1,True,8,9,0.00666666666666671,0.012306684643589083,63.62671147199944
rm2p_spherical_wrist_q02_rear_center,rm2p_spherical_wrist,2,sobol,rear_center,320.85170789342374,385.5946764629334,0.0,0.0,1.1063851996324956,0.9887042986229062,,,7,17,4,0.43160493827160495,39,5,True,9,9,0.00666666666666671,0.3001504944047917,66.99506102300074
rm2p_spherical_wrist_q02_rear_right,rm2p_spherical_wrist,2,sobol,rear_right,320.85170789342374,385.5946764629334,0.0,0.0,1.1063851996324956,0.9887042986229062,,,9,19,5,0.5150617283950617,37,5,True,9,9,0.00666666666666671,0.22115332536038923,61.63415135399919
rm2p_spherical_wrist_q02_mid_left,rm2p_spherical_wrist,2,sobol,mid_left,320.85170789342374,385.5946764629334,0.0,0.0,1.1063851996324956,0.9887042986229062,,,7,18,3,0.4325925925925926,37,5,True,7,9,0.00666666666666671,0.38877305165601284,68.54289178399995
rm3p_spherical_wrist_q00_rear_left,rm3p_spherical_wrist,0,baseline,rear_left,290.0,390.0,0.0,0.0,1.0,1.0,,,1,5,0,0.08888888888888889,30,1,True,8,9,0.00666666666666671,2.220446049250313e-15,88.02266079800029
rm3p_spherical_wrist_q00_rear_center,rm3p_spherical_wrist,0,baseline,rear_center,290.0,390.0,0.0,0.0,1.0,1.0,,,8,14,3,0.4014814814814815,59,5,True,9,9,0.00666666666666671,0.2772890286881253,59.49854537600004
rm3p_spherical_wrist_q00_rear_right,rm3p_spherical_wrist,0,baseline,rear_right,290.0,390.0,0.0,0.0,1.0,1.0,,,12,18,6,0.5807407407407408,59,5,True,9,9,0.00666666666666671,0.22069628494949867,65.61156856000161
rm3p_spherical_wrist_q00_mid_left,rm3p_spherical_wrist,0,baseline,mid_left,290.0,390.0,0.0,0.0,1.0,1.0,,,8,15,2,0.40246913580246907,54,4,True,9,9,0.00666666666666671,0.379473632181647,71.56007600799967
rm3p_spherical_wrist_q01_rear_left,rm3p_spherical_wrist,1,sobol,rear_left,260.9183107195422,433.16841759067023,0.0,0.0,0.8997183128260076,1.1106882502324877,,,1,7,0,0.11555555555555556,39,1,True,9,9,0.00666666666666671,0.01178860336109011,74.63388026100074
rm3p_spherical_wrist_q01_rear_center,rm3p_spherical_wrist,1,sobol,rear_center,260.9183107195422,433.16841759067023,0.0,0.0,0.8997183128260076,1.1106882502324877,,,9,17,5,0.48839506172839503,59,5,True,9,9,0.00666666666666671,0.4030788188333079,68.21984534500007
rm3p_spherical_wrist_q01_rear_right,rm3p_spherical_wrist,1,sobol,rear_right,260.9183107195422,433.16841759067023,0.0,0.0,0.8997183128260076,1.1106882502324877,,,12,19,7,0.6064197530864198,59,5,True,9,9,0.00666666666666671,0.2206962849485039,60.463369827999486
rm3p_spherical_wrist_q01_mid_left,rm3p_spherical_wrist,1,sobol,mid_left,260.9183107195422,433.16841759067023,0.0,0.0,0.8997183128260076,1.1106882502324877,,,9,16,2,0.43802469135802474,59,5,True,9,9,0.00666666666666671,0.5155106796064719,70.25883792400055
rm3p_spherical_wrist_q02_rear_left,rm3p_spherical_wrist,2,sobol,rear_left,320.85170789342374,385.5946764629334,0.0,0.0,1.1063851996324956,0.9887042986229062,,,3,7,0,0.16,37,1,True,9,9,0.00666666666666671,0.012306685023302677,78.02652935900005
rm3p_spherical_wrist_q02_rear_center,rm3p_spherical_wrist,2,sobol,rear_center,320.85170789342374,385.5946764629334,0.0,0.0,1.1063851996324956,0.9887042986229062,,,11,17,6,0.5451851851851851,59,5,True,9,9,0.00666666666666671,0.30015049427547247,67.06241066899929
rm3p_spherical_wrist_q02_rear_right,rm3p_spherical_wrist,2,sobol,rear_right,320.85170789342374,385.5946764629334,0.0,0.0,1.1063851996324956,0.9887042986229062,,,12,23,9,0.6844444444444444,59,5,True,9,9,0.00666666666666671,0.22069628494919757,59.26552390100005
rm3p_spherical_wrist_q02_mid_left,rm3p_spherical_wrist,2,sobol,mid_left,320.85170789342374,385.5946764629334,0.0,0.0,1.1063851996324956,0.9887042986229062,,,9,18,3,0.477037037037037,58,5,True,9,9,0.00666666666666671,0.3887730508298872,71.26815070699922
rm_spherical_shoulder_q00_rear_left,rm_spherical_shoulder,0,baseline,rear_left,0.0,290.0,390.0,0.0,,1.0,1.0,,0,7,0,0.09333333333333334,27,3,True,8,9,0.00666666666666671,0.4355242739036993,77.44899595800052
rm_spherical_shoulder_q00_rear_center,rm_spherical_shoulder,0,baseline,rear_center,0.0,290.0,390.0,0.0,,1.0,1.0,,0,15,3,0.23703703703703702,35,5,True,8,9,4.199339922326267e-05,0.3040975419502958,78.83411538899963
rm_spherical_shoulder_q00_rear_right,rm_spherical_shoulder,0,baseline,rear_right,0.0,290.0,390.0,0.0,,1.0,1.0,,0,7,1,0.10567901234567902,31,4,False,2,9,0.00666666666666671,0.00444333283464049,73.08837174099972
rm_spherical_shoulder_q00_mid_left,rm_spherical_shoulder,0,baseline,mid_left,0.0,290.0,390.0,0.0,,1.0,1.0,,0,14,0,0.18666666666666668,21,3,False,0,9,0.0480321799211085,0.9272750539328017,88.2271979039997
rm_spherical_shoulder_q01_rear_left,rm_spherical_shoulder,1,sobol,rear_left,0.0,260.9183107195422,433.16841759067023,0.0,,0.8997183128260076,1.1106882502324877,,0,8,0,0.10666666666666667,32,3,True,8,9,0.00666666666666671,0.0966972219918012,73.03144141400116
rm_spherical_shoulder_q01_rear_center,rm_spherical_shoulder,1,sobol,rear_center,0.0,260.9183107195422,433.16841759067023,0.0,,0.8997183128260076,1.1106882502324877,,0,13,3,0.2103703703703704,39,5,True,8,9,0.00013880611338708965,0.4334932522756132,66.5940251789998
rm_spherical_shoulder_q01_rear_right,rm_spherical_shoulder,1,sobol,rear_right,0.0,260.9183107195422,433.16841759067023,0.0,,0.8997183128260076,1.1106882502324877,,0,7,0,0.09333333333333334,35,5,False,2,9,0.00666666666666671,9.15267861500979e-13,75.49824171399996
rm_spherical_shoulder_q01_mid_left,rm_spherical_shoulder,1,sobol,mid_left,0.0,260.9183107195422,433.16841759067023,0.0,,0.8997183128260076,1.1106882502324877,,0,16,0,0.21333333333333335,22,3,False,1,9,0.00666666666666671,0.9131337215461287,88.5711685719998
rm_spherical_shoulder_q02_rear_left,rm_spherical_shoulder,2,sobol,rear_left,0.0,320.85170789342374,385.5946764629334,0.0,,1.1063851996324956,0.9887042986229062,,0,8,0,0.10666666666666667,25,4,False,3,9,0.00666666666666671,0.6974595305607911,82.73195986000064
rm_spherical_shoulder_q02_rear_center,rm_spherical_shoulder,2,sobol,rear_center,0.0,320.85170789342374,385.5946764629334,0.0,,1.1063851996324956,0.9887042986229062,,0,15,3,0.23703703703703702,29,4,True,5,9,0.00196138474488719,0.32247478789590867,79.62455628099997
rm_spherical_shoulder_q02_rear_right,rm_spherical_shoulder,2,sobol,rear_right,0.0,320.85170789342374,385.5946764629334,0.0,,1.1063851996324956,0.9887042986229062,,0,7,1,0.10567901234567902,27,3,False,2,9,0.00666666666666671,0.0013732735178804134,69.78275660300096
rm_spherical_shoulder_q02_mid_left,rm_spherical_shoulder,2,sobol,mid_left,0.0,320.85170789342374,385.5946764629334,0.0,,1.1063851996324956,0.9887042986229062,,0,16,0,0.21333333333333335,20,3,False,0,9,0.04942230134596527,0.9467257695593465,77.03408018000118
rm_offset_shoulder_q00_rear_left,rm_offset_shoulder,0,baseline,rear_left,60.0,296.1418578992169,390.0,0.0,1.0,1.0,1.0,,0,7,0,0.09333333333333334,24,4,True,6,9,0.00666666666666671,0.3655286727792486,77.8348918369993
rm_offset_shoulder_q00_rear_center,rm_offset_shoulder,0,baseline,rear_center,60.0,296.1418578992169,390.0,0.0,1.0,1.0,1.0,,0,16,4,0.26271604938271603,29,4,True,7,9,-0.004917980673163028,0.5242026148768555,83.1761427170004
rm_offset_shoulder_q00_rear_right,rm_offset_shoulder,0,baseline,rear_right,60.0,296.1418578992169,390.0,0.0,1.0,1.0,1.0,,0,10,1,0.145679012345679,27,2,False,0,9,-0.01932577436319087,0.005103952028522762,66.90052332599953
rm_offset_shoulder_q00_mid_left,rm_offset_shoulder,0,baseline,mid_left,60.0,296.1418578992169,390.0,0.0,1.0,1.0,1.0,,0,14,0,0.18666666666666668,22,3,False,0,9,0.005695266085640416,0.6536273799810877,83.26837707699997
rm_offset_shoulder_q01_rear_left,rm_offset_shoulder,1,sobol,rear_left,53.98309876956045,328.9212819706793,413.84649296477437,0.0,0.8997183128260076,1.1106882502324877,1.0611448537558317,,1,12,0,0.1822222222222222,24,4,False,1,9,0.0027400089599690924,0.7210375306127113,77.54800432500087
rm_offset_shoulder_q01_rear_center,rm_offset_shoulder,1,sobol,rear_center,53.98309876956045,328.9212819706793,413.84649296477437,0.0,0.8997183128260076,1.1106882502324877,1.0611448537558317,,0,11,3,0.1837037037037037,26,4,False,2,9,-0.013189508227913815,0.0779507107151014,80.1940294699998
rm_offset_shoulder_q01_rear_right,rm_offset_shoulder,1,sobol,rear_right,53.98309876956045,328.9212819706793,413.84649296477437,0.0,0.8997183128260076,1.1106882502324877,1.0611448537558317,,0,6,0,0.08,20,3,False,0,9,-0.028487984853144604,0.08925151775844897,67.80263799900058
rm_offset_shoulder_q01_mid_left,rm_offset_shoulder,1,sobol,mid_left,53.98309876956045,328.9212819706793,413.84649296477437,0.0,0.8997183128260076,1.1106882502324877,1.0611448537558317,,0,15,1,0.2123456790123457,20,3,False,0,9,0.003149101904749124,1.0238715505822709,89.11706283700005
rm_offset_shoulder_q02_rear_left,rm_offset_shoulder,2,sobol,rear_left,65.28415513783692,256.62870887900795,387.113160607405,0.0,1.0880692522972821,0.8665735762566328,0.9925978477112949,,0,3,0,0.04,25,1,True,4,9,0.00666666666666671,0.030611662037996812,84.88467181700071
rm_offset_shoulder_q02_rear_center,rm_offset_shoulder,2,sobol,rear_center,65.28415513783692,256.62870887900795,387.113160607405,0.0,1.0880692522972821,0.8665735762566328,0.9925978477112949,,0,10,1,0.145679012345679,28,4,True,7,9,-0.00015126097024890234,0.5129294668168514,71.03768673000013
rm_offset_shoulder_q02_rear_right,rm_offset_shoulder,2,sobol,rear_right,65.28415513783692,256.62870887900795,387.113160607405,0.0,1.0880692522972821,0.8665735762566328,0.9925978477112949,,0,8,1,0.11901234567901235,25,3,False,0,9,-0.024260849947284155,0.050394098093120565,68.71507897399897
rm_offset_shoulder_q02_mid_left,rm_offset_shoulder,2,sobol,mid_left,65.28415513783692,256.62870887900795,387.113160607405,0.0,1.0880692522972821,0.8665735762566328,0.9925978477112949,,0,13,0,0.17333333333333334,24,4,False,1,9,0.00666666666666671,0.5616265486105054,81.55010836699876
